timestamp,TimeUS,GyrX,GyrY,GyrZ,AccX,AccY,AccZ,ErrG,ErrA,Temp,GyHlt,AcHlt
285.58373600,285583736,-0.000751222250983119,0.0003494317061267793,-5.452066034195013e-07,-0.041975703090429306,-0.3580484986305237,-9.877612113952637,0,0,40.34600830078125,1,1
285.62374400,285623744,0.000668221793603152,0.0014450540766119957,0.0006229395512491465,-0.02702319622039795,-0.33377861976623535,-9.835707664489746,0,0,40.34722137451172,1,1
285.66414600,285664146,0.0014556749956682324,0.0007511820876970887,0.0010090029099956155,-0.047240111976861954,-0.34281057119369507,-9.900574684143066,0,0,40.34757995605469,1,1
285.70393500,285703935,-0.0008905269205570221,0.0006165734957903624,-0.000388308078981936,-0.05153782293200493,-0.3419787883758545,-9.88176155090332,0,0,40.34698486328125,1,1
285.74388000,285743880,0.00041555328061804175,0.0007794559933245182,0.000614584656432271,-0.017589278519153595,-0.3283000588417053,-9.857378005981445,0,0,40.34600830078125,1,1
285.78379500,285783795,0.0012616317253559828,0.0012193546863272786,0.00010546878911554813,-0.02633698657155037,-0.3335055708885193,-9.870027542114258,0,0,40.3459358215332,1,1
285.82385300,285823853,4.7030011046445e-05,0.0012158779427409172,0.0012078299187123775,-0.03236249089241028,-0.33751726150512695,-9.886473655700684,0,0,40.34670639038086,1,1
285.86382300,285863823,-0.0009162594797089696,0.0007110211299732327,-3.0368048101081513e-05,-0.02249021828174591,-0.3409327268600464,-9.880550384521484,0,0,40.34785079956055,1,1
285.90389000,285903890,0.00012247147969901562,0.000546078197658062,0.0004771431558765471,-0.045430999249219894,-0.33426618576049805,-9.875707626342773,0,0,40.34808349609375,1,1
285.94376000,285943760,-0.0005399557412602007,0.00039355512126348913,7.572372123831883e-05,-0.02873234450817108,-0.3400631844997406,-9.865673065185547,0,0,40.34772491455078,1,1
285.98387300,285983873,-0.0001884425146272406,0.00010120437946170568,0.0002919668040703982,-0.027625273913145065,-0.3524475693702698,-9.891349792480469,0,0,40.34650421142578,1,1
286.02389500,286023895,-0.0010820935713127255,1.4625325093220454e-05,0.00043945841025561094,-0.04023370146751404,-0.32154569029808044,-9.862776756286621,0,0,40.34521484375,1,1
286.06396100,286063961,-0.0013739893911406398,0.0009271660819649696,0.0008295297157019377,-0.02638307958841324,-0.3338063955307007,-9.864250183105469,0,0,40.34486770629883,1,1
286.10440400,286104404,4.5160893932916224e-05,-0.00037752019125036895,0.00072739232564345,-0.028990324586629868,-0.33305782079696655,-9.85325813293457,0,0,40.344669342041016,1,1
286.14399700,286143997,-0.0002575757389422506,0.0006465744227170944,0.00020608959312085062,-0.031546805053949356,-0.3359633982181549,-9.8662691116333,0,0,40.34430694580078,1,1
286.18378500,286183785,0.00016470167611259967,0.0007454814622178674,0.00026644766330718994,-0.03454321250319481,-0.3319239616394043,-9.855968475341797,0,0,40.34363555908203,1,1
286.22409100,286224091,-3.137996100122109e-05,-4.415679541125428e-06,-1.5256282495101914e-05,-0.03206799551844597,-0.3293014466762543,-9.87883186340332,0,0,40.3447151184082,1,1
286.26390700,286263907,0.0001157876176876016,0.0001610044710105285,0.00021870307682547718,-0.026489831507205963,-0.33315250277519226,-9.853757858276367,0,0,40.34625244140625,1,1
286.30376700,286303767,0.0008726364467293024,-2.3258986402652226e-05,0.0004716737021226436,-0.03536733612418175,-0.3335293233394623,-9.863327026367188,0,0,40.3471565246582,1,1
286.34376600,286343766,-0.00033494533272460103,0.000644401297904551,0.0002828479337040335,-0.03853606432676315,-0.3340846598148346,-9.829012870788574,0,0,40.34811019897461,1,1
286.38389500,286383895,0.0007767700008116663,0.001346557168290019,-0.00023000527289696038,-0.04503389447927475,-0.342822402715683,-9.88587760925293,0,0,40.34880065917969,1,1
286.42364200,286423642,-0.000486960809212178,0.0005471550393849611,0.000372832000721246,-0.028224237263202667,-0.3559093177318573,-9.84559440612793,0,0,40.349029541015625,1,1
286.46372500,286463725,-0.0009483519825153053,0.0007622350240126252,0.0009690780425444245,-0.04685228317975998,-0.3434755802154541,-9.857771873474121,0,0,40.34974670410156,1,1
286.50393400,286503934,-0.0013740118592977524,0.00047812837874516845,0.0009670063736848533,-0.03631384298205376,-0.3413509130477905,-9.855957984924316,0,0,40.350440979003906,1,1
286.54400400,286544004,-0.001207537017762661,0.00035821294295601547,0.00042497506365180016,-0.041246458888053894,-0.3149668872356415,-9.858458518981934,0,0,40.350948333740234,1,1
286.58379100,286583791,0.0003721948596648872,0.000868388800881803,3.330732579343021e-05,-0.017321189865469933,-0.3316468596458435,-9.865802764892578,0,0,40.35070037841797,1,1
286.62378800,286623788,-4.469849955057725e-05,0.0002579271385911852,0.0005895741051062942,-0.05170690640807152,-0.33403560519218445,-9.861849784851074,0,0,40.35041809082031,1,1
286.66368700,286663687,-0.0009269521106034517,0.00042871784535236657,0.0005504556465893984,-0.03769518807530403,-0.357936829328537,-9.854206085205078,0,0,40.350223541259766,1,1
286.70421800,286704218,0.0014425292611122131,0.0007874402799643576,2.9779132091789506e-05,-0.04437069967389107,-0.33798596262931824,-9.869521141052246,0,0,40.349830627441406,1,1
286.74405800,286744058,0.00026873592287302017,0.001011002459563315,0.0009593584109097719,-0.04003192484378815,-0.34357893466949463,-9.861201286315918,0,0,40.35026168823242,1,1
286.78393300,286783933,0.0002702100027818233,0.0005957857938483357,0.00038537083310075104,-0.050082117319107056,-0.336652934551239,-9.875393867492676,0,0,40.35178756713867,1,1
286.82391700,286823917,-0.0007126410491764545,0.0010159502271562815,-0.0006169945700094104,-0.022422078996896744,-0.32569390535354614,-9.850547790527344,0,0,40.35346603393555,1,1
286.86394100,286863941,0.0007573975017294288,0.0010063794907182455,0.00020157877588644624,-0.03468528017401695,-0.3413105010986328,-9.85136890411377,0,0,40.35482406616211,1,1
286.90419200,286904192,0.0008825963013805449,0.0010959880892187357,8.248202357208356e-05,-0.04752650484442711,-0.3445408344268799,-9.863760948181152,0,0,40.35593795776367,1,1
286.94397100,286943971,-0.00034556168247945607,0.00039246754022315145,0.0010925678070634604,-0.034397222101688385,-0.35319310426712036,-9.867613792419434,0,0,40.35675811767578,1,1
286.98377000,286983770,0.00025365431793034077,0.000770693994127214,-0.0003311710897833109,-0.026814350858330727,-0.33124005794525146,-9.840856552124023,0,0,40.357749938964844,1,1
287.02391100,287023911,0.000543796515557915,0.0008969552000053227,-0.0003358874819241464,-0.040361590683460236,-0.3398222029209137,-9.859951972961426,0,0,40.35804748535156,1,1
287.06397700,287063977,0.0006552274571731687,0.0012678341008722782,-6.268285505939275e-05,-0.03658574819564819,-0.3198122978210449,-9.869987487792969,0,0,40.35886764526367,1,1
287.10445600,287104456,-3.1351548386737704e-05,-0.0003824948216788471,0.0013072884175926447,-0.0409029945731163,-0.34086722135543823,-9.877409934997559,0,0,40.36029815673828,1,1
287.14417200,287144172,-0.00015200782218016684,0.0005678698071278632,0.0003229955618735403,-0.043057702481746674,-0.34385421872138977,-9.857236862182617,0,0,40.36199188232422,1,1
287.18376700,287183767,0.0006758282543160021,0.0008116503595374525,-0.0003227767301723361,-0.03866490721702576,-0.3597215414047241,-9.882102966308594,0,0,40.36293029785156,1,1
287.22396800,287223968,-0.001987550873309374,0.0004955657059326768,0.00023172714281827211,-0.019711138680577278,-0.3294358551502228,-9.86421012878418,0,0,40.36396408081055,1,1
287.26398200,287263982,0.00030155127751640975,0.0008142588194459677,0.0009328526211902499,-0.035540975630283356,-0.32968613505363464,-9.875262260437012,0,0,40.36471176147461,1,1
287.30405000,287304050,0.0019264438888058066,0.0013981573283672333,-0.00025105621898546815,-0.03406834229826927,-0.32948732376098633,-9.835862159729004,0,0,40.36543655395508,1,1
287.34365200,287343652,0.00046293612103909254,0.0011632026871666312,-0.00022926833480596542,-0.030430534854531288,-0.3397945165634155,-9.840740203857422,0,0,40.36639404296875,1,1
287.38407200,287384072,0.0004420398036018014,-5.801612860523164e-05,0.0010811128886416554,-0.03452088683843613,-0.3547646105289459,-9.852014541625977,0,0,40.3668098449707,1,1
287.42388500,287423885,0.00014350240235216916,0.0011877386132255197,0.0001566135324537754,-0.03260554373264313,-0.34572267532348633,-9.877104759216309,0,0,40.36713409423828,1,1
287.46397000,287463970,0.0003737091028597206,0.00041362643241882324,-0.00029914872720837593,-0.03806900233030319,-0.33627238869667053,-9.848740577697754,0,0,40.36708068847656,1,1
287.50400200,287504002,0.0001060545546351932,0.00039603342884220183,0.0013039119075983763,-0.028969092294573784,-0.33858054876327515,-9.860628128051758,0,0,40.366146087646484,1,1
287.54386700,287543867,0.0003606475074775517,0.0009176902240142226,0.0003815488307736814,-0.025272810831665993,-0.3478256165981293,-9.846872329711914,0,0,40.365238189697266,1,1
287.58410600,287584106,0.0011053062044084072,0.0008503766148351133,0.0010693840449675918,-0.030254511162638664,-0.3548893332481384,-9.860326766967773,0,0,40.364593505859375,1,1
287.62391500,287623915,0.0011798851191997528,0.0003928255755454302,0.00010914617450907826,-0.02876957133412361,-0.3478943705558777,-9.861124038696289,0,0,40.36468505859375,1,1
287.66379400,287663794,-0.0008457867661491036,0.0008799785864539444,4.247343895258382e-05,-0.032134976238012314,-0.333360493183136,-9.859674453735352,0,0,40.364768981933594,1,1
287.70401300,287704013,0.00017268491501454264,-2.0219966245349497e-05,0.00020568213949445635,-0.02894899621605873,-0.34627607464790344,-9.88027572631836,0,0,40.364646911621094,1,1
287.74393400,287743934,0.0001506975677330047,0.0001399850007146597,0.00042536103865131736,-0.03279279172420502,-0.3571106195449829,-9.851357460021973,0,0,40.3642692565918,1,1
287.78413000,287784130,-8.67100025061518e-05,0.00030033569782972336,0.000548285199329257,-0.03555676341056824,-0.3355560302734375,-9.867195129394531,0,0,40.36365509033203,1,1
287.82373900,287823739,-0.00012442398292478174,0.00047509861178696156,-6.358581595122814e-05,-0.05170750617980957,-0.3289012908935547,-9.827816009521484,0,0,40.36418533325195,1,1
287.86377400,287863774,-0.0005276522133499384,0.00018195639131590724,0.0001751515083014965,-0.010040965862572193,-0.3175083100795746,-9.881683349609375,0,0,40.36550521850586,1,1
287.90378400,287903784,0.0013580089434981346,0.001166697358712554,0.0007926753023639321,-0.016256600618362427,-0.33838897943496704,-9.814865112304688,0,0,40.366329193115234,1,1
287.94371600,287943716,-5.7119956181850284e-05,0.0009823684813454747,-0.0005661874893121421,-0.12371896207332611,-0.33399030566215515,-9.81535816192627,0,0,40.36665344238281,1,1
287.98367000,287983670,0.0015715734334662557,0.001399027998559177,0.0010158777004107833,-0.01553195808082819,-0.3042367994785309,-9.834572792053223,0,0,40.367149353027344,1,1
288.02367600,288023676,-0.002930294256657362,-0.000391413108445704,-0.0018661016365513206,-0.006975456140935421,-0.34187763929367065,-9.888875007629395,0,0,40.367576599121094,1,1
288.06368300,288063683,-0.004896503873169422,-0.0002833213366102427,0.0019353542011231184,-0.05609360709786415,-0.2816045880317688,-9.904134750366211,0,0,40.368003845214844,1,1
288.10406700,288104067,0.0007415675790980458,0.0001516667107352987,-6.410609057638794e-05,-0.030322838574647903,-0.4035348892211914,-9.871395111083984,0,0,40.36760711669922,1,1
288.14401300,288144013,0.00018203019862994552,0.0008745896629989147,-0.0009643032099120319,-0.03551609441637993,-0.2804339826107025,-9.850454330444336,0,0,40.366111755371094,1,1
288.18382300,288183823,-0.00032705836929380894,-0.00015916692791506648,0.0023181636352092028,-0.03175770863890648,-0.3392428159713745,-9.854512214660645,0,0,40.36445617675781,1,1
288.22369300,288223693,-0.0006988212116993964,0.0002210368256783113,-4.2726438550744206e-05,-0.05084835737943649,-0.40126678347587585,-9.854545593261719,0,0,40.36283874511719,1,1
288.26381300,288263813,-0.004576414357870817,0.00048626126954331994,0.0002789564314298332,0.013852637261152267,-0.22978529334068298,-9.823163032531738,0,0,40.3615837097168,1,1
288.30365000,288303650,0.43426865339279175,0.11407044529914856,-0.14056794345378876,-0.3653217554092407,-0.321633517742157,-10.019264221191406,0,0,40.360321044921875,1,1
288.34378300,288343783,-0.19603577256202698,-0.031700871884822845,-0.1235610842704773,-0.01306944526731968,-0.2489885538816452,-9.81108283996582,0,0,40.35968017578125,1,1
288.38383300,288383833,0.1009514108300209,-0.00207491684705019,-0.13582712411880493,0.07652632147073746,-0.681231677532196,-9.929632186889648,0,0,40.359580993652344,1,1
288.42408700,288424087,0.12823759019374847,0.015424586832523346,-0.016582053154706955,-0.05676627531647682,-0.32939761877059937,-9.912593841552734,0,0,40.35948181152344,1,1
288.46395700,288463957,-0.10487388074398041,-0.010333170183002949,-0.07263213396072388,-0.03553854674100876,-0.8808962106704712,-9.315813064575195,0,0,40.359615325927734,1,1
288.50389400,288503894,-0.3300889730453491,-0.08289442956447601,-0.6053498983383179,-0.25091853737831116,0.3266455829143524,-10.455694198608398,0,0,40.360198974609375,1,1
288.54373800,288543738,0.3094284236431122,0.033652860671281815,-0.016015537083148956,0.16547271609306335,-0.5713092684745789,-9.854955673217773,0,0,40.3612060546875,1,1
288.58381800,288583818,0.44273263216018677,-0.006262568291276693,0.007160609122365713,0.06231607869267464,-0.25524434447288513,-10.346583366394043,0,0,40.362205505371094,1,1
288.62384200,288623842,1.7973562479019165,-0.003200904931873083,-0.0067634498700499535,0.3856746256351471,0.5404568910598755,-11.63347339630127,0,0,40.362892150878906,1,1
288.66385900,288663859,3.1332874298095703,-0.03403814509510994,0.37294089794158936,0.6695165634155273,-1.52082097530365,-9.627433776855469,0,0,40.363037109375,1,1
288.70386100,288703861,2.02384352684021,-0.6962335705757141,0.24953573942184448,0.2294902801513672,-2.2679443359375,-9.101314544677734,0,0,40.3635139465332,1,1
288.74439200,288744392,0.8712090253829956,-0.2920330762863159,-0.6831681132316589,-0.5118446946144104,-3.8098464012145996,-10.442415237426758,0,0,40.36421203613281,1,1
288.78402900,288784029,1.42889404296875,0.06821361184120178,-0.2816469371318817,0.010967742651700974,-2.616410255432129,-9.608905792236328,0,0,40.36507797241211,1,1
288.82370100,288823701,1.361163854598999,0.5763112306594849,0.08404485136270523,-0.7939888834953308,-4.7502851486206055,-9.8789644241333,0,0,40.36534881591797,1,1
288.86399400,288863994,0.08988320082426071,0.7244622111320496,-0.7463452816009521,-0.6184714436531067,-4.882211685180664,-10.262345314025879,0,0,40.36623001098633,1,1
288.90375500,288903755,-0.13428476452827454,1.0177834033966064,-0.5591393709182739,0.5266364216804504,-3.3879218101501465,-9.957146644592285,0,0,40.367000579833984,1,1
288.94381300,288943813,-0.48476266860961914,1.0018625259399414,-0.6168026924133301,1.3656883239746094,-4.370752334594727,-9.267766952514648,0,0,40.36704635620117,1,1
288.98368400,288983684,-1.2860910892486572,1.1910990476608276,-0.4321972727775574,0.6228282451629639,-3.0841803550720215,-8.544772148132324,0,0,40.36664962768555,1,1
289.02378700,289023787,-1.1398799419403076,1.271257996559143,0.21936920285224915,1.9860655069351196,-3.6088693141937256,-8.121383666992188,0,0,40.366615295410156,1,1
289.06366000,289063660,-1.4124640226364136,1.361100673675537,0.5182822942733765,2.224329948425293,-3.7378036975860596,-7.9251203536987305,0,0,40.366024017333984,1,1
289.10413000,289104130,-2.219642400741577,1.026128888130188,1.0375643968582153,2.4068257808685303,-2.928523302078247,-7.314229965209961,0,0,40.36564254760742,1,1
289.14388200,289143882,-2.3639414310455322,0.708480715751648,1.136595368385315,1.968273401260376,-2.494349956512451,-9.616169929504395,0,0,40.36577606201172,1,1
289.18371500,289183715,-1.8775157928466797,1.2170284986495972,1.1383707523345947,1.9918400049209595,-1.8774269819259644,-10.025531768798828,0,0,40.36547088623047,1,1
289.22390700,289223907,-2.0334224700927734,1.2349095344543457,1.0214532613754272,2.4303221702575684,-1.7623841762542725,-8.971142768859863,0,0,40.36559295654297,1,1
289.26391000,289263910,-1.9538685083389282,1.0134299993515015,0.8988631367683411,3.425570011138916,-0.8811606168746948,-8.77270221710205,0,0,40.366249084472656,1,1
289.30398200,289303982,-1.402226209640503,0.9487581849098206,0.7950204610824585,3.9296648502349854,0.8663884401321411,-9.642120361328125,0,0,40.36702346801758,1,1
289.34383700,289343837,-1.0586603879928589,1.1706255674362183,1.0102500915527344,4.902658939361572,1.3797962665557861,-8.440690040588379,0,0,40.367027282714844,1,1
289.38372400,289383724,-1.024599552154541,1.164270281791687,1.2428114414215088,5.1564531326293945,0.7753810882568359,-9.057721138000488,0,0,40.36758041381836,1,1
289.42370400,289423704,-0.8315412402153015,1.3207597732543945,1.1456822156906128,5.570132255554199,0.23118513822555542,-8.260286331176758,0,0,40.36756896972656,1,1
289.46398800,289463988,-0.9802166223526001,1.150435209274292,0.8936796188354492,5.929076194763184,-0.2062448412179947,-7.382911682128906,0,0,40.36825180053711,1,1
289.50398800,289503988,-0.9214746952056885,0.7887316942214966,0.7244100570678711,6.310303688049316,1.2201273441314697,-7.256756782531738,0,0,40.369205474853516,1,1
289.54380600,289543806,-1.2750802040100098,0.9162024259567261,0.9965536594390869,6.47252082824707,1.2933392524719238,-7.589173316955566,0,0,40.36933517456055,1,1
289.58394300,289583943,-1.7758877277374268,0.8206970691680908,0.8478686809539795,6.545271396636963,0.4055371880531311,-5.801018238067627,0,0,40.36894226074219,1,1
289.62380500,289623805,-1.5840258598327637,0.4198243319988251,0.7936877012252808,6.787820816040039,0.6434884071350098,-6.1908745765686035,0,0,40.36885070800781,1,1
289.66380900,289663809,-1.4516478776931763,0.2735944092273712,0.521632194519043,6.82813024520874,0.027277156710624695,-5.325954437255859,0,0,40.36951446533203,1,1
289.70394600,289703946,-2.2385611534118652,-0.11797279119491577,-0.22820201516151428,6.826857566833496,0.834672212600708,-4.628015518188477,0,0,40.37057876586914,1,1
289.74394400,289743944,-1.8463408946990967,-0.7733901739120483,-0.2577073872089386,6.749243259429932,3.770050525665283,-7.032735347747803,0,0,40.371620178222656,1,1
289.78400300,289784003,-1.763577938079834,-0.21204501390457153,0.34363824129104614,6.511292457580566,3.0651776790618896,-7.0760297775268555,0,0,40.37213897705078,1,1
289.82393400,289823934,-2.035928726196289,-0.057977136224508286,0.5238348245620728,7.020289421081543,4.086578369140625,-6.13509464263916,0,0,40.37205123901367,1,1
289.86390800,289863908,-1.7663673162460327,0.21524958312511444,0.9573336839675903,6.879829406738281,4.245617866516113,-6.829006195068359,0,0,40.372894287109375,1,1
289.90405700,289904057,-1.758673906326294,0.46048063039779663,1.0043410062789917,7.671402454376221,3.4791736602783203,-4.82098388671875,0,0,40.37385940551758,1,1
289.94400300,289944003,-1.5255173444747925,0.07185368239879608,1.0475358963012695,7.944981098175049,4.6456193923950195,-4.395995616912842,0,0,40.37415313720703,1,1
289.98377200,289983772,-1.11929190158844,0.05698028579354286,0.9895778894424438,7.982420444488525,3.4066784381866455,-5.411059856414795,0,0,40.374977111816406,1,1
290.02369200,290023692,-0.646522581577301,0.411621630191803,0.6783954501152039,8.342876434326172,3.8806142807006836,-5.445783615112305,0,0,40.375587463378906,1,1
290.06380200,290063802,-0.625648558139801,0.47800517082214355,0.7964438796043396,8.404946327209473,3.9211485385894775,-4.153318405151367,0,0,40.37590408325195,1,1
290.10443400,290104434,-0.6109426021575928,0.42201298475265503,0.5037964582443237,8.323139190673828,2.7347421646118164,-4.404911994934082,0,0,40.37663269042969,1,1
290.14440300,290144403,-0.30190277099609375,0.5010956525802612,0.3151000142097473,8.244426727294922,2.7011611461639404,-4.142509460449219,0,0,40.377193450927734,1,1
290.18385900,290183859,-0.04941217601299286,0.4341585040092468,-0.0445438027381897,8.090757369995117,2.095587730407715,-3.4406392574310303,0,0,40.377235412597656,1,1
290.22388800,290223888,0.42441290616989136,0.3575915992259979,-0.47041964530944824,8.250391006469727,2.169497013092041,-4.328725814819336,0,0,40.377769470214844,1,1
290.26406200,290264062,1.001100778579712,0.3277668356895447,-0.864780068397522,8.481263160705566,4.434571266174316,-2.485936164855957,0,0,40.37834548950195,1,1
290.30395900,290303959,0.8201667070388794,-0.026286693289875984,-0.37286376953125,8.804317474365234,4.348401069641113,-3.2630889415740967,0,0,40.37881088256836,1,1
290.34377200,290343772,0.9723829030990601,-0.20064035058021545,-0.48093658685684204,8.682995796203613,4.1163530349731445,-3.059040069580078,0,0,40.37884521484375,1,1
290.38353000,290383530,1.088967204093933,-0.6935266852378845,-0.270524799823761,8.388673782348633,4.496511459350586,-2.645796298980713,0,0,40.378578186035156,1,1
290.42371300,290423713,0.8917746543884277,-1.0770466327667236,-0.1443413347005844,8.44278335571289,4.039844989776611,-2.7293620109558105,0,0,40.37836456298828,1,1
290.46398200,290463982,0.12524154782295227,-1.480591058731079,0.11391714215278625,7.7375006675720215,4.173577308654785,-2.8775711059570312,0,0,40.37822341918945,1,1
290.50366800,290503668,-0.5290050506591797,-2.069179058074951,0.4996568262577057,7.107407093048096,3.593965530395508,-2.2910804748535156,0,0,40.3782958984375,1,1
290.54362500,290543625,0.39384427666664124,-3.4333064556121826,0.9021002054214478,6.470534801483154,1.9844398498535156,-3.948291301727295,0,0,40.37821960449219,1,1
290.58351900,290583519,0.7032710313796997,-4.14324951171875,0.47628921270370483,4.961549282073975,1.263209342956543,-8.467199325561523,0,0,40.3778076171875,1,1
290.62352900,290623529,0.3933221697807312,-3.140918254852295,-0.405691921710968,3.4669077396392822,1.6114321947097778,-10.49914264678955,0,0,40.3774299621582,1,1
290.66382800,290663828,0.24429920315742493,-2.389303207397461,-0.48472240567207336,2.21706223487854,1.9329156875610352,-11.612220764160156,0,0,40.3773307800293,1,1
290.70384100,290703841,-0.023581180721521378,-1.2768341302871704,-0.9358154535293579,1.708389163017273,0.4920428693294525,-10.482450485229492,0,0,40.377235412597656,1,1
290.74405400,290744054,-0.2210056483745575,-1.037021279335022,-1.7272191047668457,1.564441204071045,0.9149526357650757,-9.22323989868164,0,0,40.3774528503418,1,1
290.78384200,290783842,0.07474520057439804,-0.8898192644119263,-2.4122273921966553,1.1894164085388184,1.9142272472381592,-8.95609188079834,0,0,40.378360748291016,1,1
290.82391300,290823913,0.11804956197738647,-0.6349297165870667,-2.5509495735168457,0.30920273065567017,3.473781108856201,-10.726947784423828,0,0,40.37971115112305,1,1
290.86373400,290863734,-0.1518557071685791,0.10586033016443253,-2.721479654312134,-0.1800736039876938,2.580615520477295,-9.540409088134766,0,0,40.3807487487793,1,1
290.90379600,290903796,0.5059934258460999,0.053601764142513275,-2.996263027191162,-0.40266120433807373,3.7047266960144043,-9.081905364990234,0,0,40.382408142089844,1,1
290.94365100,290943651,0.8761556148529053,-0.13776317238807678,-2.905071496963501,-0.7259766459465027,4.268682479858398,-10.20235824584961,0,0,40.38387680053711,1,1
290.98378800,290983788,0.6648036241531372,0.1939355581998825,-2.4963903427124023,-0.4067518711090088,3.6101529598236084,-9.606595993041992,0,0,40.385196685791016,1,1
291.02377300,291023773,0.7424229383468628,0.06181776523590088,-2.4056503772735596,-0.42872124910354614,2.6357030868530273,-9.035767555236816,0,0,40.385955810546875,1,1
291.06359900,291063599,1.2191492319107056,-0.11303377151489258,-2.842324733734131,-0.8625547289848328,1.5889023542404175,-9.217997550964355,0,0,40.385963439941406,1,1
291.10407900,291104079,1.4270521402359009,-0.40042680501937866,-2.8884592056274414,-1.4194549322128296,0.40562981367111206,-10.538352012634277,0,0,40.385276794433594,1,1
291.14370300,291143703,1.714118480682373,-0.29125091433525085,-3.250915050506592,-1.496091604232788,0.9794372320175171,-9.556787490844727,0,0,40.384708404541016,1,1
291.18414800,291184148,2.1231398582458496,-0.44094958901405334,-2.944096326828003,-1.7121646404266357,0.5157054662704468,-10.042787551879883,0,0,40.38417053222656,1,1
291.22371500,291223715,2.324695587158203,-0.6868904829025269,-2.3734183311462402,-1.8350143432617188,-0.8691240549087524,-10.221297264099121,0,0,40.38335418701172,1,1
291.26396800,291263968,2.1578750610351562,-0.5607858300209045,-2.2177071571350098,-1.6911876201629639,-3.079822540283203,-10.37555980682373,0,0,40.383338928222656,1,1
291.30393500,291303935,2.6523194313049316,-0.3723393380641937,-2.219675064086914,-1.4622952938079834,-3.11462664604187,-8.7866849899292,0,0,40.38390350341797,1,1
291.34395200,291343952,3.1991448402404785,-0.8849897384643555,-1.7669939994812012,-1.681243658065796,-2.921600818634033,-9.572864532470703,0,0,40.38462829589844,1,1
291.38391100,291383911,2.47997784614563,-0.3261813521385193,-1.0013670921325684,-1.5367565155029297,-5.31184720993042,-9.834378242492676,0,0,40.385459899902344,1,1
291.42380800,291423808,1.8893840312957764,0.620766282081604,-1.0865215063095093,-1.2823820114135742,-5.40800666809082,-8.24099063873291,0,0,40.38601303100586,1,1
291.46396200,291463962,2.400484561920166,0.5007227659225464,-0.39142560958862305,-0.10304363071918488,-5.023486137390137,-7.206747055053711,0,0,40.38578414916992,1,1
291.50391600,291503916,1.4599635601043701,0.2337011694908142,-0.2203376144170761,-0.6544390320777893,-7.841400146484375,-5.6739397048950195,0,0,40.38568878173828,1,1
291.54399700,291543997,0.13287034630775452,0.24270080029964447,-0.782763659954071,-0.7349607944488525,-9.317651748657227,-5.740009784698486,0,0,40.385589599609375,1,1
291.58376900,291583769,0.029373662546277046,0.4787428677082062,-1.7222652435302734,-0.7124424576759338,-8.909936904907227,-6.309564590454102,0,0,40.385684967041016,1,1
291.62382400,291623824,1.4318288564682007,0.3463398218154907,-1.257359266281128,0.023898351937532425,-7.625412940979004,-5.041963577270508,0,0,40.38603210449219,1,1
291.66374900,291663749,1.5739725828170776,-0.7023956179618835,-1.6631466150283813,0.38965269923210144,-10.466974258422852,-5.665753364562988,0,0,40.38557434082031,1,1
291.70405100,291704051,1.7042415142059326,-0.12481428682804108,-2.0912890434265137,1.0014238357543945,-7.244463920593262,-6.339676856994629,0,0,40.384891510009766,1,1
291.74451400,291744514,1.366973876953125,0.17270512878894806,-1.985719919204712,2.633713960647583,-7.062486171722412,-4.009293556213379,0,0,40.3846435546875,1,1
291.78380500,291783805,1.6887598037719727,0.11139552295207977,-1.3583379983901978,2.9116458892822266,-7.640101432800293,-4.684144496917725,0,0,40.38454055786133,1,1
291.82404500,291824045,1.7999253273010254,0.002271969337016344,-0.7212744355201721,3.224283218383789,-7.678365707397461,-2.7745962142944336,0,0,40.384681701660156,1,1
291.86390000,291863900,1.5281959772109985,-0.14965727925300598,-0.7992869019508362,3.781665086746216,-9.231481552124023,-3.658140182495117,0,0,40.38581466674805,1,1
291.90410400,291904104,1.5158590078353882,0.24983423948287964,-1.1121147871017456,3.712285280227661,-7.774470329284668,-2.6852550506591797,0,0,40.38724136352539,1,1
291.94385700,291943857,0.5919884443283081,0.23047059774398804,-0.5299182534217834,4.182869911193848,-7.746722221374512,-2.3117103576660156,0,0,40.38892364501953,1,1
291.98392500,291983925,0.3855156898498535,0.3042241334915161,-0.3264787197113037,4.477071285247803,-8.400671005249023,-1.741711139678955,0,0,40.38991928100586,1,1
292.02397700,292023977,0.42063820362091064,0.11099974811077118,-0.21290981769561768,4.9656596183776855,-7.763693332672119,-0.8977541923522949,0,0,40.39045715332031,1,1
292.06378600,292063786,-0.05981544777750969,-0.22748911380767822,0.27008768916130066,4.723565578460693,-7.743432521820068,-1.5945039987564087,0,0,40.39078140258789,1,1
292.10451800,292104518,0.2935979962348938,0.08002562820911407,0.06244742125272751,4.282972812652588,-8.848998069763184,-1.045915126800537,0,0,40.391151428222656,1,1
292.14399900,292143999,0.06992007791996002,-0.14423319697380066,0.1631893664598465,4.583571910858154,-7.4436354637146,-0.7529220581054688,0,0,40.39141845703125,1,1
292.18376500,292183765,-0.01792548969388008,-0.4727502167224884,0.7196283936500549,4.495023727416992,-7.242433547973633,-1.4804365634918213,0,0,40.39217758178711,1,1
292.22379000,292223790,-0.2308582365512848,-0.1558370590209961,0.7512037754058838,3.7418692111968994,-8.260791778564453,-2.735470771789551,0,0,40.39271545410156,1,1
292.26381000,292263810,-1.6606502532958984,-0.5222261548042297,1.065791130065918,3.5429840087890625,-7.395717144012451,-1.5281140804290771,0,0,40.393245697021484,1,1
292.30388500,292303885,-2.5611236095428467,-0.9365814328193665,1.4386963844299316,1.9729853868484497,-8.383512496948242,-3.423983097076416,0,0,40.39363479614258,1,1
292.34408400,292344084,-4.212950229644775,-1.497908353805542,3.0330517292022705,2.703855276107788,-6.8525848388671875,-3.587681293487549,0,0,40.39418029785156,1,1
292.38364200,292383642,-1.730830192565918,-0.7385724186897278,3.2320823669433594,-0.26080039143562317,-9.037707328796387,-6.639132976531982,0,0,40.395137786865234,1,1
292.42386000,292423860,-1.882745385169983,-0.23501290380954742,3.435347080230713,-0.3846759498119354,-9.492044448852539,-7.223016738891602,0,0,40.39578628540039,1,1
292.46395300,292463953,-2.3096184730529785,-1.0188438892364502,2.5594682693481445,-1.8899142742156982,-10.577009201049805,-2.036602735519409,0,0,40.395851135253906,1,1
292.50384300,292503843,-1.0715553760528564,-1.915683627128601,1.2206261157989502,-3.7299506664276123,-5.979795455932617,-7.997437477111816,0,0,40.39594650268555,1,1
292.54375400,292543754,-2.734400510787964,-0.9570639133453369,2.5004844665527344,-3.978607416152954,-6.062141418457031,-7.762772560119629,0,0,40.39606857299805,1,1
292.58385900,292583859,-1.1144869327545166,-1.0025813579559326,0.8410793542861938,-5.29877233505249,-7.149858474731445,-6.588490009307861,0,0,40.39601135253906,1,1
292.62386800,292623868,-1.5951485633850098,-1.006452202796936,1.173774242401123,-3.8914694786071777,-1.8553321361541748,-6.2537031173706055,0,0,40.39508056640625,1,1
292.66399300,292663993,-0.373232901096344,-0.5850690603256226,1.5304133892059326,-6.265471935272217,-4.682058334350586,-13.135080337524414,0,0,40.39409637451172,1,1
292.70399400,292703994,-0.5305631756782532,0.9667430520057678,1.7912384271621704,-5.200829029083252,-3.179410457611084,-8.255842208862305,0,0,40.392822265625,1,1
292.74433500,292744335,-0.40867796540260315,1.0077985525131226,3.067138195037842,-4.4734601974487305,0.18810808658599854,-7.653103828430176,0,0,40.391075134277344,1,1
292.78392800,292783928,-0.05208606272935867,1.2389875650405884,3.677520275115967,-7.008944511413574,-4.01322603225708,-10.590860366821289,0,0,40.38901901245117,1,1
292.82399300,292823993,-0.07797063142061234,2.2006592750549316,3.0981130599975586,-6.256937026977539,-2.2337446212768555,-8.758840560913086,0,0,40.38739776611328,1,1
292.86404900,292864049,-0.3140365183353424,1.9142124652862549,3.2109954357147217,-4.508030414581299,0.5668685436248779,-8.112019538879395,0,0,40.3872184753418,1,1
292.90406500,292904065,0.12979242205619812,1.7798380851745605,3.4070963859558105,-4.601693630218506,2.40310001373291,-10.946680068969727,0,0,40.388267517089844,1,1
292.94397500,292943975,0.45418471097946167,2.3711249828338623,4.074489593505859,-3.964216709136963,2.397404432296753,-10.19832992553711,0,0,40.389835357666016,1,1
292.98383700,292983837,0.5371795296669006,2.1526296138763428,4.411773681640625,-3.1132431030273438,0.538058340549469,-8.786431312561035,0,0,40.39143371582031,1,1
293.02400700,293024007,0.6102026700973511,1.6113173961639404,4.3214311599731445,-2.199493408203125,-0.6166460514068604,-8.845955848693848,0,0,40.39305877685547,1,1
293.06375500,293063755,1.2582385540008545,1.472875952720642,4.274623870849609,-1.7059131860733032,1.2506381273269653,-11.17763900756836,0,0,40.394500732421875,1,1
293.10420200,293104202,0.8577141761779785,1.6712977886199951,4.842593193054199,-1.7122111320495605,0.30622562766075134,-8.159430503845215,0,0,40.395751953125,1,1
293.14407200,293144072,0.5250930786132812,0.9384111166000366,4.388936996459961,-1.3358416557312012,-2.3246612548828125,-8.270304679870605,0,0,40.39686965942383,1,1
293.18429000,293184290,1.338133692741394,0.44287097454071045,4.295338153839111,-0.9682199358940125,-0.4003896117210388,-10.65434455871582,0,0,40.39763259887695,1,1
293.22367100,293223671,1.440302848815918,0.9033800363540649,4.064821243286133,-0.7115182876586914,-1.7796647548675537,-9.580743789672852,0,0,40.397579193115234,1,1
293.26365600,293263656,1.1930286884307861,0.8778367042541504,3.965667724609375,-0.6433051228523254,-3.584869861602783,-7.445653438568115,0,0,40.39756393432617,1,1
293.30398900,293303989,1.121592402458191,0.08108120411634445,3.281909942626953,-0.34796494245529175,-4.757083415985107,-7.522330284118652,0,0,40.39751052856445,1,1
293.34402700,293344027,0.8904421925544739,0.1347561478614807,2.7160849571228027,-1.0709748268127441,-5.20936918258667,-8.395441055297852,0,0,40.39754867553711,1,1
293.38390700,293383907,0.19837629795074463,-0.24466367065906525,1.9066437482833862,-0.8473221659660339,-5.57462739944458,-7.065736293792725,0,0,40.39643096923828,1,1
293.42389400,293423894,0.18703383207321167,-1.1137171983718872,0.6869333386421204,-1.7770568132400513,-3.4126501083374023,-8.99968147277832,0,0,40.39518737792969,1,1
293.46382400,293463824,0.13850820064544678,0.24735796451568604,0.9718265533447266,-1.7387821674346924,-3.5675060749053955,-10.405696868896484,0,0,40.3942985534668,1,1
293.50410200,293504102,-0.21544013917446136,-0.3864589333534241,0.25552165508270264,-0.4467308819293976,-4.255115985870361,-8.704132080078125,0,0,40.39290237426758,1,1
293.54376100,293543761,-0.23910018801689148,-0.111974336206913,0.042571477591991425,-1.7016843557357788,-2.5143299102783203,-10.446431159973145,0,0,40.391761779785156,1,1
293.58394800,293583948,-0.09574232995510101,0.10699792206287384,-0.1555320918560028,-1.311484932899475,-2.7207064628601074,-9.353684425354004,0,0,40.391258239746094,1,1
293.62398600,293623986,-0.3405303955078125,0.04595391824841499,-0.3991132378578186,-1.1974211931228638,-4.689172744750977,-9.25634765625,0,0,40.390769958496094,1,1
293.66379500,293663795,-0.4229937791824341,-0.10509456694126129,-1.5527498722076416,-1.0499526262283325,-4.570065975189209,-8.792545318603516,0,0,40.39018249511719,1,1
293.70386300,293703863,-0.9418730735778809,0.0844556987285614,-2.376533031463623,-1.6386075019836426,-5.71587610244751,-10.441655158996582,0,0,40.38966751098633,1,1
293.74427900,293744279,-0.9197540879249573,0.42566215991973877,-3.8710241317749023,-1.9339728355407715,-5.006864547729492,-9.070571899414062,0,0,40.38936996459961,1,1
293.78378900,293783789,-0.7300909757614136,0.3916688859462738,-4.548660755157471,-2.075820207595825,-1.4869260787963867,-9.106744766235352,0,0,40.38847732543945,1,1
293.82388000,293823880,-0.8261525630950928,0.345996230840683,-4.710050582885742,-0.9867620468139648,-3.3222553730010986,-11.193143844604492,0,0,40.38761901855469,1,1
293.86401100,293864011,-0.8926408290863037,0.7964242696762085,-5.273260116577148,-1.2166564464569092,-3.1218767166137695,-7.561929702758789,0,0,40.38675308227539,1,1
293.90405600,293904056,0.2593197822570801,-0.299307644367218,-6.051520347595215,0.03848087787628174,1.0606393814086914,-9.060260772705078,0,0,40.386756896972656,1,1
293.94393500,293943935,0.10653677582740784,-0.3929574489593506,-5.2915215492248535,-0.1816403865814209,2.6081252098083496,-10.808845520019531,0,0,40.38787841796875,1,1
293.98376900,293983769,0.2396707832813263,-0.05041395127773285,-4.062597751617432,1.108665943145752,1.5045922994613647,-9.48853874206543,0,0,40.3889274597168,1,1
294.02385800,294023858,0.8787940740585327,-0.45164984464645386,-4.148280143737793,0.9400810599327087,-0.24493832886219025,-10.005941390991211,0,0,40.39021301269531,1,1
294.06387900,294063879,0.8185011148452759,-0.2201101928949356,-5.059111595153809,0.2181452065706253,-3.2839694023132324,-8.955567359924316,0,0,40.391605377197266,1,1
294.10469800,294104698,1.9151313304901123,-1.1211601495742798,-6.261069297790527,-1.063183307647705,-1.1792426109313965,-8.952064514160156,0,0,40.39306640625,1,1
294.14394100,294143941,2.2155914306640625,-1.5018706321716309,-6.011061668395996,-1.2435375452041626,0.8880870342254639,-12.529385566711426,0,0,40.39352035522461,1,1
294.18392400,294183924,1.1746760606765747,-0.6463606357574463,-5.231786727905273,-0.5958264470100403,-1.0182639360427856,-9.890469551086426,0,0,40.39305877685547,1,1
294.22385600,294223856,1.9923449754714966,-1.4516817331314087,-4.526448726654053,-0.07283464074134827,2.080810546875,-9.524093627929688,0,0,40.393524169921875,1,1
294.26385000,294263850,1.4855680465698242,-0.8405976891517639,-3.0380685329437256,0.24048855900764465,-1.7359851598739624,-12.126012802124023,0,0,40.39466857910156,1,1
294.30372800,294303728,0.30042916536331177,-0.060159459710121155,-3.621392011642456,0.804315447807312,-6.352243900299072,-7.638685703277588,0,0,40.39674758911133,1,1
294.34378300,294343783,1.154454231262207,-0.6103941798210144,-3.996425151824951,0.47326719760894775,-2.6685996055603027,-10.925710678100586,0,0,40.398075103759766,1,1
294.38388100,294383881,1.1273001432418823,-0.1313696801662445,-4.21471643447876,0.74095219373703,-3.790844678878784,-8.020112037658691,0,0,40.398380279541016,1,1
294.42371700,294423717,1.40946364402771,-0.7938805222511292,-3.1405856609344482,2.099362850189209,1.6904152631759644,-8.65927505493164,0,0,40.39860153198242,1,1
294.46412700,294464127,0.09534766525030136,-0.21116015315055847,-0.8792533874511719,2.4210305213928223,0.2720385491847992,-8.757987022399902,0,0,40.398983001708984,1,1
294.50391400,294503914,-0.18531963229179382,-0.3274511992931366,0.3460564613342285,2.3130366802215576,-2.749885082244873,-8.375072479248047,0,0,40.39927673339844,1,1
294.54409500,294544095,0.4300881028175354,-0.5252589583396912,-0.39406126737594604,0.7129905223846436,-3.7414755821228027,-9.095687866210938,0,0,40.399681091308594,1,1
294.58389100,294583891,0.06514790654182434,-0.12020720541477203,0.11533039063215256,0.5611221194267273,-1.9503202438354492,-10.535197257995605,0,0,40.40069580078125,1,1
294.62413100,294624131,-0.9709893465042114,0.5338587164878845,1.4838048219680786,1.4262572526931763,0.14993557333946228,-10.829448699951172,0,0,40.40153121948242,1,1
294.66391700,294663917,-1.2638736963272095,0.8951753973960876,3.29335355758667,1.5872033834457397,-1.0366325378417969,-10.285262107849121,0,0,40.40216064453125,1,1
294.70393900,294703939,-1.2317168712615967,0.7743502855300903,4.703616619110107,0.7448323369026184,2.405574321746826,-9.522802352905273,0,0,40.40262222290039,1,1
294.74375800,294743758,-2.3037779331207275,0.7460090517997742,6.81327486038208,-1.1161863803863525,1.2011395692825317,-10.285975456237793,0,0,40.40205001831055,1,1
294.78412600,294784126,-2.1700892448425293,0.42952805757522583,6.502064228057861,-2.7644906044006348,-3.521191358566284,-10.533430099487305,0,0,40.402183532714844,1,1
294.82401600,294824016,-1.1945704221725464,-0.11940167099237442,4.726703643798828,-0.2362109124660492,-2.949427366256714,-7.125969886779785,0,0,40.40168762207031,1,1
294.86357900,294863579,-0.2820695638656616,-1.340184211730957,4.229793548583984,-1.3295154571533203,0.6364122033119202,-10.104095458984375,0,0,40.40102005004883,1,1
294.90423900,294904239,-0.08119433373212814,-0.2738383412361145,5.328219413757324,-4.223949909210205,1.310850977897644,-13.859068870544434,0,0,40.400062561035156,1,1
294.94367200,294943672,-1.1587278842926025,0.8407716155052185,5.353459358215332,-2.9578847885131836,-2.5096940994262695,-10.226511001586914,0,0,40.3994026184082,1,1
294.98365800,294983658,-0.5218141078948975,0.4428771138191223,4.006448745727539,-0.13880030810832977,-0.3310154378414154,-6.616092205047607,0,0,40.39940643310547,1,1
295.02384600,295023846,-0.18693611025810242,-0.8779326677322388,4.38890266418457,-0.039848703891038895,3.141038417816162,-7.540032863616943,0,0,40.39903259277344,1,1
295.06366400,295063664,-0.3999895751476288,-0.44561368227005005,4.446436405181885,-3.9633378982543945,-1.8144806623458862,-13.951454162597656,0,0,40.39891052246094,1,1
295.10438100,295104381,-0.3463135063648224,0.4908297061920166,2.7429890632629395,-1.9668800830841064,-3.9828763008117676,-9.923563003540039,0,0,40.399017333984375,1,1
295.14375600,295143756,-0.5972741842269897,0.07190731912851334,0.9805013537406921,-0.33064913749694824,-0.7139230966567993,-9.276345252990723,0,0,40.39891815185547,1,1
295.18368500,295183685,-0.4809418320655823,0.11380783468484879,0.6690365076065063,-1.0529241561889648,0.8724355697631836,-11.286362648010254,0,0,40.39921569824219,1,1
295.22410300,295224103,-0.170046865940094,0.1333388239145279,-0.18363389372825623,-0.6159509420394897,0.09607972204685211,-10.134109497070312,0,0,40.39969253540039,1,1
295.26405900,295264059,0.06869755685329437,0.34220269322395325,-0.556368887424469,-0.3837907612323761,1.3507508039474487,-10.099691390991211,0,0,40.399600982666016,1,1
295.30398700,295303987,0.7624901533126831,-0.07112263888120651,-1.5888845920562744,-0.5326721668243408,-1.9443609714508057,-9.196070671081543,0,0,40.399436950683594,1,1
295.34379000,295343790,2.0589752197265625,-0.8521411418914795,-3.7272887229919434,-0.9800480008125305,-2.857424259185791,-8.33003044128418,0,0,40.39948654174805,1,1
295.38388600,295383886,4.35524320602417,-1.7811366319656372,-4.9022440910339355,-1.726447343826294,-0.676647961139679,-8.987344741821289,0,0,40.398529052734375,1,1
295.42401000,295424010,5.497286319732666,-2.346230983734131,-4.23419189453125,-2.7642440795898438,-0.4072026014328003,-11.628376007080078,0,0,40.39746856689453,1,1
295.46409200,295464092,5.303271293640137,-1.18099045753479,-2.332174777984619,-2.452948570251465,-2.592897891998291,-12.497827529907227,0,0,40.39659118652344,1,1
295.50394600,295503946,3.717381477355957,0.19406668841838837,-1.0859073400497437,-1.578722357749939,-7.173320293426514,-7.778835296630859,0,0,40.3958625793457,1,1
295.54378700,295543787,3.1640002727508545,-0.3860144019126892,-1.129848599433899,-0.9277620315551758,-8.111491203308105,-4.972063064575195,0,0,40.39543151855469,1,1
295.58399500,295583995,2.2658729553222656,-0.5419532060623169,-0.8596096634864807,-0.6794965267181396,-9.127452850341797,-3.9115400314331055,0,0,40.39548110961914,1,1
295.62410700,295624107,1.3106313943862915,-0.5746402144432068,-1.0515458583831787,-0.291068971157074,-9.159248352050781,-4.841150283813477,0,0,40.395591735839844,1,1
295.66380900,295663809,0.5418869853019714,-0.4816601574420929,-0.9028370380401611,0.2615193724632263,-7.801542282104492,-4.301591396331787,0,0,40.396202087402344,1,1
295.70391800,295703918,-0.8033022284507751,-0.697084903717041,-0.4457119405269623,0.17045769095420837,-8.168081283569336,-4.126574993133545,0,0,40.39680099487305,1,1
295.74386600,295743866,-0.9593307971954346,-0.28044092655181885,-0.28104692697525024,0.41065433621406555,-8.276509284973145,-5.090455055236816,0,0,40.39729309082031,1,1
295.78370300,295783703,-2.627315044403076,-0.305785208940506,-0.16005772352218628,0.3176383972167969,-8.274383544921875,-4.0198235511779785,0,0,40.39775466918945,1,1
295.82376700,295823767,-4.520901203155518,-0.8666748404502869,0.10463527590036392,-1.1144617795944214,-5.590457439422607,-6.551408767700195,0,0,40.39891815185547,1,1
295.86363400,295863634,-3.4150924682617188,-0.09683345258235931,0.6404719948768616,0.5034257173538208,-7.589279651641846,-11.07866096496582,0,0,40.40065002441406,1,1
295.90388800,295903888,-3.2413454055786133,1.752082347869873,0.5803314447402954,-1.177291989326477,-3.881072998046875,-6.892732620239258,0,0,40.40190887451172,1,1
295.94390700,295943907,-3.8197193145751953,1.2713202238082886,1.2904582023620605,0.5715532898902893,-5.679513931274414,-10.395808219909668,0,0,40.402706146240234,1,1
295.98365900,295983659,-3.629380464553833,0.5510944128036499,0.9484948515892029,-0.11787675321102142,-3.415259838104248,-7.39934778213501,0,0,40.404354095458984,1,1
296.02377700,296023777,-4.271646499633789,-0.038002513349056244,0.9063013195991516,-0.1669524610042572,-0.7800124883651733,-7.206974029541016,0,0,40.406463623046875,1,1
296.06379600,296063796,-5.176769256591797,0.4015553295612335,2.0729775428771973,1.4242345094680786,0.4728965759277344,-11.593282699584961,0,0,40.40818405151367,1,1
296.10407000,296104070,-5.423259258270264,1.0448905229568481,1.670407772064209,1.1130331754684448,1.683861494064331,-9.16478157043457,0,0,40.40937423706055,1,1
296.14384200,296143842,-5.513083457946777,0.29213982820510864,0.3234456479549408,0.5876662135124207,2.906587839126587,-7.865642547607422,0,0,40.40932083129883,1,1
296.18383400,296183834,-3.325913906097412,0.9109566807746887,0.40346282720565796,1.1174015998840332,6.655000686645508,-7.717108249664307,0,0,40.408729553222656,1,1
296.22382800,296223828,-1.9096879959106445,0.40717655420303345,0.3082827925682068,2.1170108318328857,8.338172912597656,-6.377860069274902,0,0,40.40797424316406,1,1
296.26390000,296263900,-1.119398593902588,-0.17287179827690125,0.050522200763225555,1.8697960376739502,8.00338363647461,-4.629459857940674,0,0,40.407623291015625,1,1
296.30417900,296304179,0.12448618561029434,-0.3159421682357788,-0.05130961909890175,1.9628084897994995,7.9365644454956055,-6.680362701416016,0,0,40.40739440917969,1,1
296.34371900,296343719,1.2499089241027832,-0.05942602455615997,-0.2922248840332031,2.118800640106201,7.29068660736084,-7.041538238525391,0,0,40.40729522705078,1,1
296.38372900,296383729,1.3695170879364014,0.06404910981655121,-0.635505199432373,1.8885949850082397,6.849287033081055,-6.448901176452637,0,0,40.40724182128906,1,1
296.42374900,296423749,1.2477843761444092,-0.296914279460907,-1.0505961179733276,1.1781708002090454,7.167374610900879,-6.611715793609619,0,0,40.40734100341797,1,1
296.46401600,296464016,1.7129392623901367,-0.2263089120388031,-0.9439098238945007,0.8905298709869385,6.9500017166137695,-8.804182052612305,0,0,40.407440185546875,1,1
296.50372400,296503724,2.908714771270752,-0.6092364192008972,-1.3740415573120117,0.5898900032043457,5.932362079620361,-7.019551753997803,0,0,40.40735626220703,1,1
296.54362500,296543625,2.7470850944519043,-0.9282792806625366,-1.130111813545227,0.277462363243103,4.510703086853027,-10.072688102722168,0,0,40.407257080078125,1,1
296.58374600,296583746,3.905256748199463,0.5790125131607056,-0.9087158441543579,-0.29632747173309326,3.767507553100586,-11.398303985595703,0,0,40.40743637084961,1,1
296.62398000,296623980,2.8745052814483643,0.19142429530620575,-0.5090032815933228,-0.2593831717967987,2.1563520431518555,-4.082874774932861,0,0,40.40768814086914,1,1
296.66377000,296663770,1.2356624603271484,-1.377027153968811,-0.5660094022750854,-0.92906653881073,0.41443324089050293,-10.581019401550293,0,0,40.407188415527344,1,1
296.70379200,296703792,1.2496925592422485,-0.7176221609115601,-0.7075769901275635,-0.7631703019142151,0.7848490476608276,-10.417360305786133,0,0,40.406978607177734,1,1
296.74355100,296743551,1.1422064304351807,-0.9384403228759766,-0.23940086364746094,-1.2488036155700684,0.8716054558753967,-9.853215217590332,0,0,40.40769958496094,1,1
296.78389800,296783898,0.7575839757919312,-0.27281826734542847,0.12295413017272949,-2.5725202560424805,-0.9230432510375977,-12.953720092773438,0,0,40.408382415771484,1,1
296.82388400,296823884,-0.05068160593509674,1.0091140270233154,-0.2968679666519165,-1.8658455610275269,-1.071260690689087,-12.25756549835205,0,0,40.409645080566406,1,1
296.86373600,296863736,-0.4469873011112213,1.297537088394165,0.22576111555099487,-0.8961355686187744,0.834955096244812,-8.561007499694824,0,0,40.41099166870117,1,1
296.90402200,296904022,0.36754488945007324,1.5964820384979248,0.49485835433006287,0.2937481105327606,0.08929288387298584,-11.940074920654297,0,0,40.411338806152344,1,1
296.94390300,296943903,0.2855316400527954,2.8916282653808594,0.7115517258644104,0.25493714213371277,-1.2501851320266724,-9.701990127563477,0,0,40.411781311035156,1,1
296.98403800,296984038,0.4024699926376343,2.858844041824341,0.5584478378295898,0.9649229645729065,-0.5179922580718994,-9.445794105529785,0,0,40.412479400634766,1,1
297.02390800,297023908,0.5688968896865845,3.2463672161102295,0.7871133089065552,2.4185240268707275,1.4662963151931763,-10.078630447387695,0,0,40.41313171386719,1,1
297.06382800,297063828,0.33486369252204895,3.8945188522338867,1.0327601432800293,2.2661855220794678,-1.3493565320968628,-9.949397087097168,0,0,40.41315841674805,1,1
297.10422600,297104226,-0.3076181411743164,3.617563247680664,0.6598507761955261,3.760740280151367,-1.3928563594818115,-5.290660858154297,0,0,40.41312789916992,1,1
297.14401600,297144016,-0.3929867148399353,2.217628240585327,0.31268614530563354,6.373960018157959,-1.5738954544067383,-5.01926326751709,0,0,40.41395950317383,1,1
297.18377600,297183776,-0.36158281564712524,0.9165875911712646,0.13334809243679047,7.708809852600098,-0.9441189169883728,-4.363201141357422,0,0,40.4151725769043,1,1
297.22390100,297223901,-0.3296499252319336,-0.12333855032920837,0.179434135556221,7.853379726409912,-1.005479097366333,-6.8854475021362305,0,0,40.416473388671875,1,1
297.26402600,297264026,-0.33248594403266907,-0.989673912525177,0.004533318802714348,7.419892311096191,-0.8987467288970947,-6.165716648101807,0,0,40.41797637939453,1,1
297.30411300,297304113,0.10344866663217545,-1.9587805271148682,-0.5816675424575806,6.3685760498046875,-1.1365807056427002,-7.395590305328369,0,0,40.41885757446289,1,1
297.34368700,297343687,0.5048065185546875,-2.5257341861724854,-0.7524213790893555,5.294768333435059,-0.22217492759227753,-8.380744934082031,0,0,40.41953659057617,1,1
297.38369100,297383691,0.21852518618106842,-2.91746187210083,-0.8274775743484497,3.4347798824310303,-1.357692003250122,-8.552081108093262,0,0,40.41976547241211,1,1
297.42357800,297423578,0.2205181121826172,-2.461247205734253,-0.7853485941886902,3.0494110584259033,-0.6144008636474609,-10.544641494750977,0,0,40.41968536376953,1,1
297.46375600,297463756,0.30818313360214233,-2.252408027648926,-0.5720557570457458,1.775413155555725,-0.4620489180088043,-11.016490936279297,0,0,40.41913604736328,1,1
297.50391800,297503918,-0.11883492022752762,-1.9008857011795044,-0.16251294314861298,2.2813618183135986,0.37064337730407715,-7.31050968170166,0,0,40.41887664794922,1,1
297.54378000,297543780,-0.7186949253082275,-2.7655768394470215,0.24151529371738434,1.529433012008667,0.4763415455818176,-8.161684036254883,0,0,40.4182243347168,1,1
297.58399100,297583991,-0.21251043677330017,-2.2194535732269287,0.39863207936286926,-0.058711085468530655,-0.886621356010437,-10.91843318939209,0,0,40.417598724365234,1,1
297.62388900,297623889,-0.6338523626327515,-2.334195852279663,0.4494516849517822,0.22984442114830017,-0.3617153465747833,-6.665471076965332,0,0,40.416812896728516,1,1
297.66373300,297663733,-0.12964512407779694,-2.8361871242523193,0.011135125532746315,-2.5680007934570312,-0.28170347213745117,-11.102482795715332,0,0,40.41580581665039,1,1
297.70372500,297703725,0.050977811217308044,-1.417196273803711,-0.07798955589532852,-3.1361613273620605,-0.8401734828948975,-11.376105308532715,0,0,40.415008544921875,1,1
297.74394200,297743942,-0.9787598848342896,-1.460963487625122,-0.07537373155355453,-2.7240447998046875,-0.08335645496845245,-8.53580093383789,0,0,40.414180755615234,1,1
297.78397500,297783975,-0.9546233415603638,-1.7353487014770508,-0.11029306054115295,-3.280555248260498,0.8185877799987793,-7.671993732452393,0,0,40.414310455322266,1,1
297.82366500,297823665,0.28262755274772644,-1.3014253377914429,-0.1960841715335846,-5.70420503616333,-0.0069831241853535175,-12.431535720825195,0,0,40.41433334350586,1,1
297.86372800,297863728,0.27044257521629333,0.12209425121545792,-0.12605947256088257,-4.933557987213135,0.5574322938919067,-10.362228393554688,0,0,40.41552734375,1,1
297.90366700,297903667,-0.6521309018135071,0.996927797794342,-0.16788926720619202,-4.155731201171875,0.7606790661811829,-10.029217720031738,0,0,40.41646194458008,1,1
297.94381800,297943818,-0.277071475982666,1.4740982055664062,0.40648749470710754,-3.088040828704834,1.2723095417022705,-7.204435348510742,0,0,40.417396545410156,1,1
297.98414900,297984149,-0.0957123339176178,0.9145383834838867,0.3622448742389679,-2.8403868675231934,0.5332034230232239,-9.188079833984375,0,0,40.419254302978516,1,1
298.02371100,298023711,0.358501672744751,1.4641058444976807,0.7913159132003784,-2.813072681427002,2.644481658935547,-9.577545166015625,0,0,40.42146682739258,1,1
298.06365500,298063655,0.019697219133377075,1.4702908992767334,1.8861455917358398,-2.3797783851623535,3.0334205627441406,-7.090407371520996,0,0,40.42316436767578,1,1
298.10434700,298104347,0.4148781895637512,0.946845293045044,2.194734811782837,-2.3811323642730713,1.979141116142273,-10.79149055480957,0,0,40.42424392700195,1,1
298.14375300,298143753,1.3056951761245728,1.7554447650909424,2.6602277755737305,-2.104818344116211,1.5046988725662231,-9.399229049682617,0,0,40.42464828491211,1,1
298.18388300,298183883,0.77993243932724,1.0810052156448364,2.2537174224853516,-1.4715889692306519,-2.101959466934204,-7.866598606109619,0,0,40.425724029541016,1,1
298.22382800,298223828,0.5518462657928467,0.34233224391937256,0.8765211701393127,-0.9786595702171326,-3.76922607421875,-9.752120018005371,0,0,40.42584228515625,1,1
298.26443300,298264433,1.0811691284179688,0.3670671582221985,0.5256852507591248,-0.22771693766117096,1.34037184715271,-11.085299491882324,0,0,40.42552185058594,1,1
298.30395100,298303951,0.1787082850933075,0.8744936585426331,1.8359475135803223,0.12027530372142792,1.9424587488174438,-11.818865776062012,0,0,40.425071716308594,1,1
298.34381500,298343815,-0.23799015581607819,1.2407631874084473,2.6784486770629883,-0.33920958638191223,2.5499720573425293,-11.999199867248535,0,0,40.4250373840332,1,1
298.38370700,298383707,-0.29671359062194824,1.6001487970352173,3.875248670578003,-0.43928664922714233,1.9195399284362793,-10.867432594299316,0,0,40.42518997192383,1,1
298.42387900,298423879,-0.06631408631801605,1.2331726551055908,4.736517906188965,-0.48859620094299316,1.4582101106643677,-8.622352600097656,0,0,40.425025939941406,1,1
298.46392700,298463927,-0.7587393522262573,0.9217842817306519,4.498432159423828,0.696319580078125,-4.405011177062988,-9.563408851623535,0,0,40.425228118896484,1,1
298.50406100,298504061,-0.35147029161453247,0.23920558393001556,3.4032247066497803,1.6193249225616455,-3.0670857429504395,-7.901235580444336,0,0,40.42497253417969,1,1
298.54366000,298543660,0.9799239039421082,0.5866106152534485,2.892003059387207,1.5253095626831055,-0.8264442682266235,-8.316635131835938,0,0,40.42433547973633,1,1
298.58365800,298583658,0.7311475872993469,0.019930027425289154,2.8807148933410645,1.0646083354949951,-2.2547454833984375,-10.507749557495117,0,0,40.42334747314453,1,1
298.62403100,298624031,0.17760509252548218,0.7106057405471802,2.0856049060821533,1.3803839683532715,-4.679886341094971,-8.52661418914795,0,0,40.42230224609375,1,1
298.66370400,298663704,0.09335528314113617,-0.23852381110191345,1.047722578048706,1.5139974355697632,-3.8679263591766357,-9.710029602050781,0,0,40.421424865722656,1,1
298.70382800,298703828,0.34507641196250916,0.3801974058151245,0.4199521541595459,1.577380657196045,-4.339689254760742,-10.144794464111328,0,0,40.42064666748047,1,1
298.74372600,298743726,-0.6806302070617676,0.31322503089904785,-0.5849097371101379,2.3609323501586914,-5.250890731811523,-8.984633445739746,0,0,40.41958236694336,1,1
298.78379500,298783795,-0.9664486646652222,0.08700123429298401,-2.1721489429473877,2.663398504257202,-5.370773792266846,-8.312845230102539,0,0,40.41828918457031,1,1
298.82371300,298823713,-0.5773220062255859,-0.7340028882026672,-3.969618558883667,1.5421013832092285,-1.8134307861328125,-8.59311294555664,0,0,40.41726303100586,1,1
298.86369200,298863692,-0.4088379740715027,-0.24397851526737213,-3.7994284629821777,1.0886627435684204,0.020472120493650436,-10.02195930480957,0,0,40.41718292236328,1,1
298.90378500,298903785,-0.02165593020617962,-0.500078558921814,-3.8319287300109863,0.5261420607566833,1.8712595701217651,-10.32524299621582,0,0,40.41773986816406,1,1
298.94383400,298943834,0.25525814294815063,-0.0986872985959053,-3.683954954147339,-0.20422503352165222,0.33934226632118225,-12.166343688964844,0,0,40.41768264770508,1,1
298.98411200,298984112,0.8835490345954895,-0.04153059050440788,-4.1066789627075195,0.8719487190246582,-0.33276131749153137,-9.492585182189941,0,0,40.41872787475586,1,1
299.02394200,299023942,1.4634214639663696,0.4458721876144409,-4.465619087219238,0.2986472249031067,0.8946127891540527,-11.984457015991211,0,0,40.42025375366211,1,1
299.06363300,299063633,0.689591646194458,0.4560593366622925,-3.889033079147339,2.0672035217285156,0.7779765725135803,-8.541247367858887,0,0,40.42226028442383,1,1
299.10412600,299104126,0.9202188849449158,-0.19861121475696564,-4.296478748321533,2.9468016624450684,-0.5649118423461914,-6.943894386291504,0,0,40.423377990722656,1,1
299.14384100,299143841,1.7573566436767578,-0.4858477711677551,-5.168689727783203,1.6769421100616455,-1.056666612625122,-9.757354736328125,0,0,40.4243049621582,1,1
299.18375000,299183750,2.7121732234954834,-1.0890393257141113,-5.48850154876709,1.5152170658111572,-1.3525376319885254,-8.841225624084473,0,0,40.42430114746094,1,1
299.22368600,299223686,3.1326379776000977,-1.2959635257720947,-5.632054328918457,-0.058146242052316666,-1.4186124801635742,-11.055160522460938,0,0,40.424842834472656,1,1
299.26423700,299264237,2.850863218307495,-1.0342692136764526,-4.80254602432251,0.3586218059062958,-1.3362178802490234,-10.13570499420166,0,0,40.42564010620117,1,1
299.30406500,299304065,3.736380100250244,-1.4768848419189453,-5.385540008544922,1.3487616777420044,-3.9858317375183105,-7.292697429656982,0,0,40.42704772949219,1,1
299.34356500,299343565,2.83192777633667,-1.4051601886749268,-3.4791736602783203,1.2890794277191162,0.9402107000350952,-11.400193214416504,0,0,40.428802490234375,1,1
299.38389300,299383893,1.2927192449569702,-0.18291516602039337,-1.562051773071289,2.064647674560547,-5.925676345825195,-7.37257719039917,0,0,40.430641174316406,1,1
299.42381300,299423813,1.2527716159820557,-0.9312586784362793,-1.6094164848327637,2.2097365856170654,-3.869752883911133,-8.562931060791016,0,0,40.43260955810547,1,1
299.46386200,299463862,-0.38620874285697937,0.45590829849243164,0.8613849878311157,1.1270798444747925,-2.059225082397461,-10.735921859741211,0,0,40.434566497802734,1,1
299.50390600,299503906,-1.521672248840332,0.8846960067749023,1.416365385055542,2.341569185256958,-7.3216938972473145,-6.525132179260254,0,0,40.4362907409668,1,1
299.54384000,299543840,-1.3602654933929443,0.6604034304618835,1.7739821672439575,1.5014443397521973,-1.6621309518814087,-10.610879898071289,0,0,40.43833923339844,1,1
299.58372500,299583725,-2.6775758266448975,2.0162553787231445,3.549499273300171,0.635309100151062,-4.247889518737793,-9.856186866760254,0,0,40.44013977050781,1,1
299.62397400,299623974,-2.295999765396118,1.4176273345947266,2.5954456329345703,2.2339963912963867,-5.569943428039551,-7.440100193023682,0,0,40.440513610839844,1,1
299.66381500,299663815,-0.7679954767227173,0.3939572870731354,1.3056282997131348,2.9477944374084473,-3.1576616764068604,-7.538397312164307,0,0,40.440513610839844,1,1
299.70391900,299703919,-0.3130204379558563,0.3440505862236023,1.1222342252731323,2.6356639862060547,-1.222959041595459,-9.583020210266113,0,0,40.44073486328125,1,1
299.74404400,299744044,-0.7337365746498108,0.7395948171615601,1.8413165807724,2.066274404525757,-0.2639197111129761,-10.386754035949707,0,0,40.4405403137207,1,1
299.78375500,299783755,-1.393175482749939,1.4110833406448364,2.848620891571045,1.5975102186203003,-1.4354102611541748,-10.088160514831543,0,0,40.44015121459961,1,1
299.82380100,299823801,-1.7088333368301392,1.4664371013641357,3.116771936416626,2.2492966651916504,-2.4003891944885254,-8.647037506103516,0,0,40.43901824951172,1,1
299.86386100,299863861,-0.7910619974136353,1.6455774307250977,3.2693490982055664,2.7690324783325195,-0.650375485420227,-9.409747123718262,0,0,40.43772888183594,1,1
299.90367300,299903673,-0.8217706680297852,1.184784173965454,2.713867664337158,2.2712795734405518,-5.299452304840088,-7.800607204437256,0,0,40.43693542480469,1,1
299.94381700,299943817,0.0871400311589241,0.4856610894203186,0.388896107673645,4.041261196136475,-5.652166366577148,-7.2628679275512695,0,0,40.43627166748047,1,1
299.98412800,299984128,1.0140330791473389,-0.3665180206298828,-0.5830875635147095,4.395195007324219,-1.761455774307251,-6.52578067779541,0,0,40.4361572265625,1,1
300.02365500,300023655,0.8425765037536621,-1.0798611640930176,-0.6540011167526245,3.1916494369506836,-3.164203643798828,-9.982778549194336,0,0,40.4361572265625,1,1
300.06369300,300063693,0.5478499531745911,-1.0717724561691284,-0.921518862247467,3.1068015098571777,-3.150099039077759,-8.834917068481445,0,0,40.4361572265625,1,1
300.10404200,300104042,0.08806058019399643,-1.3917303085327148,-1.10724937915802,2.9811596870422363,-2.989865779876709,-8.219864845275879,0,0,40.4361572265625,1,1
300.14386100,300143861,0.0295784343034029,-1.353053092956543,-0.8503472805023193,1.732422113418579,-1.7281901836395264,-10.030570983886719,0,0,40.4361572265625,1,1
300.18369700,300183697,-0.16618874669075012,-0.7975842952728271,-0.414606511592865,1.9528695344924927,-1.9247403144836426,-9.705687522888184,0,0,40.4361572265625,1,1
300.22379400,300223794,-0.3916914463043213,-0.8820499181747437,-0.4828025996685028,2.3090128898620605,-2.5740275382995605,-7.806014537811279,0,0,40.4361572265625,1,1
300.26409500,300264095,-0.0930638313293457,-0.9843454957008362,-0.3407592177391052,1.6059595346450806,-1.7973690032958984,-9.128222465515137,0,0,40.4361572265625,1,1
300.30396600,300303966,-0.686475932598114,-0.9537769556045532,-0.19685381650924683,1.127353549003601,-2.554758071899414,-9.593871116638184,0,0,40.43624496459961,1,1
300.34392900,300343929,-0.6952536106109619,-0.9051035046577454,-0.48487865924835205,0.3374999761581421,-2.2783761024475098,-10.05919361114502,0,0,40.436256408691406,1,1
300.38376200,300383762,-0.2847282290458679,-0.760759711265564,-0.6389784812927246,-0.3150798976421356,-1.6648266315460205,-9.691646575927734,0,0,40.43572998046875,1,1
300.42402900,300424029,0.02205718122422695,-0.921383261680603,-0.7357658743858337,-0.3130418062210083,-1.4311562776565552,-10.188261985778809,0,0,40.435394287109375,1,1
300.46402800,300464028,0.30147784948349,-0.716641366481781,-0.5999885201454163,-0.5022861361503601,-1.002661943435669,-11.417202949523926,0,0,40.43534851074219,1,1
300.50409700,300504097,0.23361577093601227,-0.05466975271701813,-0.45194822549819946,-0.908892035484314,-1.4372026920318604,-11.237817764282227,0,0,40.43524932861328,1,1
300.54380000,300543800,-0.2209913283586502,-0.21359792351722717,-0.17899668216705322,-0.5780375003814697,-1.650782585144043,-9.82292366027832,0,0,40.435306549072266,1,1
300.58384500,300583845,-0.10622946172952652,-0.020319737493991852,-0.29361194372177124,-0.5865423083305359,-1.8442342281341553,-10.94464111328125,0,0,40.43585968017578,1,1
300.62404600,300624046,0.01930207759141922,-0.11907991021871567,-0.4321368336677551,0.7149260640144348,-0.688946545124054,-10.086559295654297,0,0,40.43703842163086,1,1
300.66371100,300663711,0.27698472142219543,-0.5956212282180786,-0.3554534912109375,0.2227182686328888,-0.6797111630439758,-9.05824089050293,0,0,40.43856430053711,1,1
300.70400800,300704008,-0.07786280661821365,-0.37865856289863586,-0.087730772793293,-0.6078634262084961,-2.7848072052001953,-10.08279037475586,0,0,40.44027328491211,1,1
300.74383600,300743836,-0.36152076721191406,-0.052915509790182114,-0.4893808662891388,-0.5989289283752441,-2.653088092803955,-8.768510818481445,0,0,40.441532135009766,1,1
300.78378800,300783788,0.061613522469997406,-0.463263601064682,-0.6251875162124634,-0.3093266487121582,-1.1180732250213623,-9.029428482055664,0,0,40.44287109375,1,1
300.82381700,300823817,0.22284656763076782,-0.5856216549873352,-0.5369446873664856,-0.6472876071929932,-0.874732494354248,-10.274053573608398,0,0,40.443790435791016,1,1
300.86374500,300863745,0.06254968047142029,-0.3617626130580902,-0.2983749806880951,-1.1519746780395508,-2.2503180503845215,-11.012653350830078,0,0,40.44436264038086,1,1
300.90383100,300903831,0.2046826332807541,-0.22160351276397705,-0.30573582649230957,-1.0545406341552734,-1.0242383480072021,-8.684564590454102,0,0,40.4448127746582,1,1
300.94386300,300943863,0.08639173209667206,-0.4559563100337982,-0.20939011871814728,-1.4427562952041626,-2.5749013423919678,-10.25227165222168,0,0,40.44467544555664,1,1
300.98379400,300983794,0.1839103102684021,-0.22060982882976532,-0.2959813177585602,-1.3771121501922607,-1.5643378496170044,-9.40168571472168,0,0,40.4439811706543,1,1
301.02412200,301024122,0.08648021519184113,-0.3192315697669983,-0.1458689272403717,-1.0836639404296875,-1.9742670059204102,-9.173097610473633,0,0,40.443355560302734,1,1
301.06377500,301063775,0.0342252254486084,-0.3787105083465576,-0.18984615802764893,-1.4927716255187988,-2.084156036376953,-9.456119537353516,0,0,40.442115783691406,1,1
301.10405900,301104059,-0.04409302771091461,-0.4026867151260376,-0.10686234384775162,-1.408982515335083,-1.7234991788864136,-9.130623817443848,0,0,40.440555572509766,1,1
301.14441500,301144415,0.08650541305541992,-0.6286728382110596,-0.04104136303067207,-1.8138794898986816,-2.0749049186706543,-9.254240989685059,0,0,40.439327239990234,1,1
301.18379500,301183795,0.11014362424612045,-0.5457043647766113,-0.037313953042030334,-1.738354206085205,-1.8612730503082275,-9.665705680847168,0,0,40.438026428222656,1,1
301.22388000,301223880,-0.042791590094566345,-0.4790504574775696,0.10479734092950821,-2.002265453338623,-1.8503988981246948,-9.471202850341797,0,0,40.436668395996094,1,1
301.26393800,301263938,-0.04938555508852005,0.26898902654647827,0.0792543888092041,-3.081536293029785,-3.372232437133789,-13.825032234191895,0,0,40.435482025146484,1,1
301.30379800,301303798,-0.09238199889659882,0.05411245673894882,0.0012097042053937912,-2.3114233016967773,-2.318467140197754,-9.313132286071777,0,0,40.43436050415039,1,1
301.34400400,301344004,-0.06052866950631142,0.2549598217010498,0.05551975592970848,-2.268320322036743,-2.007033109664917,-9.323681831359863,0,0,40.43345260620117,1,1
301.38378100,301383781,-0.2593960464000702,0.1853123903274536,-0.027409179136157036,-1.9115420579910278,-2.053314685821533,-9.189290046691895,0,0,40.432838439941406,1,1
301.42367600,301423676,-0.49462977051734924,0.5310354232788086,0.019778084009885788,-2.3913466930389404,-2.107142925262451,-8.93893051147461,0,0,40.43217849731445,1,1
301.46379800,301463798,-0.7248223423957825,0.8317814469337463,0.06165716052055359,-1.7055494785308838,-1.5750937461853027,-9.608501434326172,0,0,40.432220458984375,1,1
301.50394900,301503949,-0.5255756378173828,0.7397937774658203,0.18727119266986847,-0.8824007511138916,-1.4015781879425049,-9.70643138885498,0,0,40.43306350708008,1,1
301.54372100,301543721,-0.2807128429412842,0.5295429229736328,0.16764360666275024,-1.175528883934021,-0.8957793712615967,-10.138349533081055,0,0,40.43478775024414,1,1
301.58353900,301583539,-0.027520157396793365,0.9284006953239441,0.23407253623008728,-1.3035838603973389,-0.8408644199371338,-9.97482967376709,0,0,40.43618392944336,1,1
301.62371100,301623711,0.5573675632476807,1.5179030895233154,0.5458421111106873,-0.13168218731880188,-1.1530367136001587,-9.984922409057617,0,0,40.437992095947266,1,1
301.66394100,301663941,-0.22894084453582764,0.11656079441308975,0.15167579054832458,0.3896954655647278,-1.8049728870391846,-9.735963821411133,0,0,40.43906021118164,1,1
301.70386000,301703860,-0.27669504284858704,0.015982316806912422,0.05673988536000252,-0.28328272700309753,-1.663318395614624,-9.417537689208984,0,0,40.43988037109375,1,1
301.74368900,301743689,-0.3947596251964569,0.0019596433266997337,-0.0010896710446104407,0.08089911937713623,-0.983235776424408,-10.083015441894531,0,0,40.440589904785156,1,1
301.78411200,301784112,-0.2549596130847931,0.0018622576026245952,-0.023353729397058487,-0.18029752373695374,-1.2640222311019897,-9.53321647644043,0,0,40.441162109375,1,1
301.82383700,301823837,-0.8239191770553589,0.0045410031452775,-0.02558037079870701,-0.04201853275299072,-1.081895351409912,-9.386292457580566,0,0,40.441322326660156,1,1
301.86374000,301863740,-0.8507213592529297,0.011805401183664799,-0.04939217492938042,0.08490245789289474,-0.11495505273342133,-10.5800142288208,0,0,40.440799713134766,1,1
301.90403400,301904034,-0.22113662958145142,0.04919351637363434,-0.17515119910240173,0.024417564272880554,-0.13675670325756073,-10.073308944702148,0,0,40.4401969909668,1,1
301.94376200,301943762,-0.06237278878688812,0.01661020703613758,0.031087316572666168,0.07519911974668503,0.06639624387025833,-9.929540634155273,0,0,40.439998626708984,1,1
301.98358900,301983589,-0.004457634873688221,0.0014304956421256065,-0.001993523444980383,-0.0013764449395239353,-0.2834834158420563,-9.889726638793945,0,0,40.440162658691406,1,1
302.02384100,302023841,-0.0009993209969252348,-0.004541901405900717,0.0418797992169857,0.025801168754696846,-0.0341503731906414,-9.888036727905273,0,0,40.44078826904297,1,1
302.06406200,302064062,-0.04100700467824936,0.007621116936206818,-0.015236517414450645,-0.07147727906703949,-0.3849041163921356,-9.831045150756836,0,0,40.44221115112305,1,1
302.10414100,302104141,-0.005730942357331514,0.001223099883645773,0.001430049305781722,0.03246447443962097,-0.17571747303009033,-9.868368148803711,0,0,40.44339370727539,1,1
302.14420800,302144208,-0.000410883454605937,0.0009617808391340077,0.0028653396293520927,-0.012394947931170464,-0.19987669587135315,-9.865382194519043,0,0,40.44412612915039,1,1
302.18376800,302183768,-1.8778684534481727e-05,0.0010489905253052711,0.0004661079728975892,0.0029951375909149647,-0.2083599865436554,-9.864416122436523,0,0,40.444053649902344,1,1
302.22371300,302223713,-0.0021774722263216972,0.00048170998343266547,0.0023020466323941946,-0.031562622636556625,-0.20023247599601746,-9.878875732421875,0,0,40.44371032714844,1,1
302.26404900,302264049,-0.00033201364567503333,0.001042873365804553,0.0008304260554723442,0.02152709849178791,-0.20864075422286987,-9.846921920776367,0,0,40.444297790527344,1,1
302.30399200,302303992,-0.00038003313238732517,0.0004717129049822688,0.0003666773554868996,-0.007486674934625626,-0.2196691632270813,-9.900604248046875,0,0,40.445281982421875,1,1
302.34394700,302343947,0.0004424740036483854,0.00038411677815020084,8.144284220179543e-05,-0.016879282891750336,-0.19480401277542114,-9.862398147583008,0,0,40.44578552246094,1,1
302.38374900,302383749,0.0004908026312477887,0.0008968417532742023,-0.0007633155328221619,0.00467462046071887,-0.20491819083690643,-9.87537956237793,0,0,40.446067810058594,1,1
302.42378400,302423784,0.0009243309032171965,0.001057811314240098,-0.0003539130266290158,-0.02138880454003811,-0.20966166257858276,-9.868524551391602,0,0,40.4461784362793,1,1
302.46389200,302463892,0.0006785121513530612,0.00046076253056526184,-0.0011156671680510044,0.0005350459250621498,-0.2011270970106125,-9.88327693939209,0,0,40.446563720703125,1,1
302.50398300,302503983,0.001118019805289805,0.000431695458246395,-0.0004402215708978474,-0.018869414925575256,-0.2072460800409317,-9.876787185668945,0,0,40.44658660888672,1,1
302.54406600,302544066,0.00018052896484732628,0.0005579720018431544,-0.0004593452613335103,0.00018047381308861077,-0.20891883969306946,-9.882079124450684,0,0,40.447017669677734,1,1
302.58389600,302583896,0.000341564416885376,0.000984015641734004,-4.501522198552266e-05,-0.005956009496003389,-0.192874014377594,-9.876829147338867,0,0,40.44742965698242,1,1
302.62388800,302623888,0.00026870344299823046,0.0007559263613075018,-0.00022783083841204643,-0.036853887140750885,-0.19896717369556427,-9.891741752624512,0,0,40.44788360595703,1,1
302.66374000,302663740,1.8676892068469897e-05,0.0006871765363030136,0.0005074678920209408,0.002403255784884095,-0.22093544900417328,-9.89859390258789,0,0,40.44816589355469,1,1
302.70384200,302703842,0.0002776305773295462,0.001393587444908917,0.00018510145309846848,-0.005138773005455732,-0.19161364436149597,-9.861014366149902,0,0,40.44822692871094,1,1
302.74378700,302743787,-0.000377550080884248,0.0007915605092421174,0.001021230360493064,-0.006638094782829285,-0.1993637979030609,-9.879971504211426,0,0,40.44819641113281,1,1
302.78431500,302784315,-0.0015133097767829895,2.91471769742202e-05,0.00019358756253495812,-0.004738090559840202,-0.21551385521888733,-9.87845230102539,0,0,40.448097229003906,1,1
302.82384500,302823845,-0.0004873372963629663,0.00011234845442231745,0.0006257708882912993,-0.025464974343776703,-0.21221810579299927,-9.855539321899414,0,0,40.44842529296875,1,1
302.86363700,302863637,1.449519822926959e-05,0.00039185784407891333,0.000399536918848753,0.011532692238688469,-0.20269855856895447,-9.86892032623291,0,0,40.44883346557617,1,1
302.90401600,302904016,-0.0006355111836455762,0.0008575936662964523,0.00010895087325479835,-0.006975930649787188,-0.20738065242767334,-9.871389389038086,0,0,40.44846725463867,1,1
302.94384300,302943843,0.000550735043361783,0.00045241432962939143,2.788639540085569e-05,-0.021362343803048134,-0.19294606149196625,-9.884069442749023,0,0,40.44791793823242,1,1
302.98381000,302983810,-5.029665044276044e-05,0.0014470170717686415,-0.0013149516889825463,-0.001531744608655572,-0.20364926755428314,-9.849976539611816,0,0,40.44731903076172,1,1
303.02385700,303023857,0.002655082382261753,0.0009506784845143557,0.001306192483752966,-0.02703719772398472,-0.19837193191051483,-9.888583183288574,0,0,40.44711685180664,1,1
303.06382700,303063827,0.000218412111280486,0.00032613406074233353,-0.0005683832569047809,0.0006840340793132782,-0.19345715641975403,-9.864741325378418,0,0,40.447166442871094,1,1
303.10484300,303104843,0.0008895478094927967,0.0017402356024831533,-0.0006531922263093293,-0.0074882772751152515,-0.2021348774433136,-9.872714042663574,0,0,40.44746780395508,1,1
303.14401300,303144013,0.0012787813320755959,0.00048120971769094467,-0.00014277029549703002,-0.003396999090909958,-0.19660714268684387,-9.881216049194336,0,0,40.44818878173828,1,1
303.18379900,303183799,-0.0002571638615336269,0.0002719913609325886,-0.0009618764743208885,0.004087799694389105,-0.21064382791519165,-9.884406089782715,0,0,40.449520111083984,1,1
303.22383100,303223831,-8.525405974069145e-06,5.451938704936765e-05,0.001575024682097137,-0.0185844786465168,-0.20833390951156616,-9.858943939208984,0,0,40.45089340209961,1,1
303.26413300,303264133,-0.00018293593893758953,-0.00027459656121209264,0.0001982848480110988,0.019236821681261063,-0.21607346832752228,-9.883906364440918,0,0,40.451534271240234,1,1
303.30405900,303304059,0.000608862261287868,0.00021492695668712258,-0.0002556383260525763,-0.0012184393126517534,-0.22103488445281982,-9.872085571289062,0,0,40.450931549072266,1,1
303.34375100,303343751,-0.00010689660120988265,-3.506420034682378e-05,0.001532381633296609,-0.009443174116313457,-0.18275654315948486,-9.859365463256836,0,0,40.4499397277832,1,1
303.38376800,303383768,-0.0005085176089778543,0.0004604177665896714,6.520832539536059e-05,-0.001253688707947731,-0.18889181315898895,-9.867715835571289,0,0,40.44892120361328,1,1
303.42378800,303423788,-0.0003038607828784734,0.0008744209771975875,0.0005840028170496225,-0.025315452367067337,-0.1848771572113037,-9.878926277160645,0,0,40.448455810546875,1,1
303.46403500,303464035,0.0003532315604388714,0.00043330242624506354,0.0008730951813049614,0.012193014845252037,-0.22006139159202576,-9.849944114685059,0,0,40.44803237915039,1,1
303.50383600,303503836,-0.0005208601360209286,0.0005502139683812857,-2.8301854399614967e-05,-0.01205958891659975,-0.18942925333976746,-9.8499755859375,0,0,40.44779586791992,1,1
303.54376500,303543765,-0.00048142802552320063,0.00017008322174660861,0.0006168024847283959,-0.00949544832110405,-0.2042713165283203,-9.84644889831543,0,0,40.44813919067383,1,1
303.58377500,303583775,-0.0003102653718087822,0.0003516880969982594,0.0003317283117212355,0.006713828071951866,-0.20345446467399597,-9.872027397155762,0,0,40.448509216308594,1,1
303.62399800,303623998,0.0005475248326547444,0.0006516268476843834,0.00035578885581344366,-0.013327506370842457,-0.21115198731422424,-9.869661331176758,0,0,40.44955062866211,1,1
303.66377200,303663772,-0.0005593837704509497,0.0008200945449061692,-0.00035507281427271664,-0.000757760601118207,-0.2140294760465622,-9.864578247070312,0,0,40.44967269897461,1,1
303.70383500,303703835,0.00013109997962601483,0.0006596442544832826,1.9262462956248783e-05,-0.003899179631844163,-0.21169711649417877,-9.87204360961914,0,0,40.449432373046875,1,1
303.74388900,303743889,0.0003641365619841963,0.0005916029331274331,-0.0003085656790062785,-0.001525022555142641,-0.1991344690322876,-9.880379676818848,0,0,40.44963455200195,1,1
303.78395900,303783959,-0.0003008688217960298,0.000718804367352277,0.00029089642339386046,0.013721063733100891,-0.20803606510162354,-9.855766296386719,0,0,40.4504280090332,1,1
303.82413400,303824134,-2.4431363272015005e-05,0.0004640129045583308,0.00013396856957115233,-0.0004657051176764071,-0.20877376198768616,-9.855144500732422,0,0,40.45137023925781,1,1
303.86375100,303863751,-5.005643470212817e-05,0.00018277748313266784,0.0001311588566750288,-0.013913208618760109,-0.20228789746761322,-9.873664855957031,0,0,40.451759338378906,1,1
303.90377600,303903776,-0.00011810261639766395,0.000816491199657321,0.0006116697331890464,-0.01158933062106371,-0.20745161175727844,-9.872507095336914,0,0,40.45175552368164,1,1
303.94380600,303943806,0.0006636637263000011,0.0004241745627950877,0.00016300551942549646,-0.017765149474143982,-0.19496753811836243,-9.883804321289062,0,0,40.45172119140625,1,1
303.98392400,303983924,-0.00035209039924666286,0.0006292742909863591,0.00035475200274959207,-0.011529980227351189,-0.20622052252292633,-9.850410461425781,0,0,40.45165252685547,1,1
304.02383800,304023838,-3.420738357817754e-05,0.0006414863746613264,0.00020893623877782375,-0.010224223136901855,-0.18979907035827637,-9.870743751525879,0,0,40.45177459716797,1,1
304.06384100,304063841,-1.7654685507295653e-05,0.0008477376541122794,0.0002507251629140228,-0.024629957973957062,-0.2064870297908783,-9.876646041870117,0,0,40.45180892944336,1,1
304.10406900,304104069,-1.3287904948811047e-05,0.001062919618561864,0.0001433610450476408,-0.02539525181055069,-0.2027032971382141,-9.86438274383545,0,0,40.45180892944336,1,1
304.14422000,304144220,0.000727998442016542,-5.767896436736919e-05,-0.0002672139089554548,-0.02037934772670269,-0.18802157044410706,-9.851305961608887,0,0,40.451717376708984,1,1
304.18370700,304183707,0.00010089167335536331,0.0007682197028771043,0.0004971816670149565,0.005982343107461929,-0.20379285514354706,-9.840836524963379,0,0,40.451717376708984,1,1
304.22381400,304223814,0.00013967862469144166,0.00112916377838701,-0.00010134767944691703,-0.01694408804178238,-0.1970137655735016,-9.873701095581055,0,0,40.451717376708984,1,1
304.26410800,304264108,-2.8309937079029623e-06,0.0004806066572200507,-0.0005315743037499487,0.01249689795076847,-0.19625359773635864,-9.855334281921387,0,0,40.451717376708984,1,1
304.30393300,304303933,0.0009737632353790104,0.0004469541599974036,0.0006658717757090926,0.0017753222491592169,-0.20516929030418396,-9.862165451049805,0,0,40.451717376708984,1,1
304.34398100,304343981,-6.818425026722252e-05,0.0004989998415112495,0.0004615338402800262,-0.009784795343875885,-0.2051159292459488,-9.87660026550293,0,0,40.45221710205078,1,1
304.38388300,304383883,0.00023812503786757588,0.0008680176688358188,0.0008486653678119183,0.003524548141285777,-0.2220430076122284,-9.881223678588867,0,0,40.45320129394531,1,1
304.42391200,304423912,-3.392672442714684e-05,0.00046898191794753075,0.00044907850679010153,-0.004547130782157183,-0.19766812026500702,-9.878714561462402,0,0,40.45457458496094,1,1
304.46404700,304464047,0.000402614357881248,0.0005226672510616481,0.0008176030241884291,-0.005612543784081936,-0.21312806010246277,-9.848797798156738,0,0,40.455177307128906,1,1
304.50409900,304504099,0.000210318568861112,-0.0001124991977121681,0.0006081338506191969,0.006275847554206848,-0.20469507575035095,-9.85879135131836,0,0,40.4557991027832,1,1
304.54374900,304543749,-0.00045502078137360513,0.0006889409851282835,-6.0063612181693316e-05,-0.00875182542949915,-0.19804468750953674,-9.88294506072998,0,0,40.457157135009766,1,1
304.58388900,304583889,-0.0001657699467614293,0.0007912989822216332,0.00048016791697591543,-0.007423821836709976,-0.20254647731781006,-9.868387222290039,0,0,40.45782470703125,1,1
304.62374700,304623747,-6.482480239355937e-05,0.0006104889907874167,0.0005694098072126508,-0.0168791301548481,-0.20932292938232422,-9.849980354309082,0,0,40.458229064941406,1,1
304.66399400,304663994,-7.288388587767258e-06,8.046472066780552e-05,0.0005894079222343862,0.005012194160372019,-0.20795312523841858,-9.863655090332031,0,0,40.45814514160156,1,1
304.70389800,304703898,-6.831291830167174e-05,0.000577265047468245,-0.0003771139308810234,-0.002996054943650961,-0.21884873509407043,-9.852307319641113,0,0,40.4586181640625,1,1
304.74382600,304743826,0.00047659839037805796,0.0016404230846092105,0.0004142766119912267,-0.010509655810892582,-0.20998632907867432,-9.851439476013184,0,0,40.45967102050781,1,1
304.78379800,304783798,-0.00013908775872550905,0.0007667465251870453,-0.00017542438581585884,0.02059127762913704,-0.19861841201782227,-9.881808280944824,0,0,40.46149444580078,1,1
304.82396200,304823962,-0.00039348783320747316,0.0005233041010797024,2.2106949472799897e-05,-0.010171611793339252,-0.20951206982135773,-9.859077453613281,0,0,40.4630012512207,1,1
304.86412000,304864120,0.00037875428097322583,0.0006454127142205834,-0.0001408467796863988,-0.016720814630389214,-0.20371977984905243,-9.86465835571289,0,0,40.4628791809082,1,1
304.90419200,304904192,0.0004412608686834574,0.00019529169367160648,-8.426653948845342e-06,-0.011006109416484833,-0.20115989446640015,-9.868574142456055,0,0,40.461585998535156,1,1
304.94387000,304943870,-0.00014568038750439882,0.001009858795441687,-0.00023246071941684932,-0.008746875450015068,-0.20671848952770233,-9.879706382751465,0,0,40.460453033447266,1,1
304.98388300,304983883,0.000299430510494858,0.0009110055398195982,3.350552651681937e-05,-0.005740220658481121,-0.2134580910205841,-9.858784675598145,0,0,40.460662841796875,1,1
305.02381300,305023813,-0.00017932412447407842,0.0005836769705638289,0.0005346985417418182,-0.009950575418770313,-0.18354593217372894,-9.87997817993164,0,0,40.462066650390625,1,1
305.06391200,305063912,0.00042829682934097946,0.000580144114792347,-0.00047185691073536873,-0.006693561561405659,-0.20667308568954468,-9.876399993896484,0,0,40.463417053222656,1,1
305.10417900,305104179,-0.0003158046747557819,0.00013940190547145903,0.0006748022860847414,-0.004975941032171249,-0.20094892382621765,-9.86783504486084,0,0,40.46471405029297,1,1
305.14404300,305144043,-0.0001922974770423025,0.0005371352308429778,-0.0004605883441399783,-0.014883937314152718,-0.1949842870235443,-9.88917350769043,0,0,40.46549987792969,1,1
305.18403800,305184038,0.0007692123763263226,0.0006312307668849826,0.0006263618706725538,-0.011498834937810898,-0.217003732919693,-9.854286193847656,0,0,40.465492248535156,1,1
305.22388700,305223887,0.0006142212077975273,0.0005050060572102666,0.0008113081566989422,-0.006310729775577784,-0.20342925190925598,-9.886104583740234,0,0,40.46565628051758,1,1
305.26413800,305264138,0.0002239314781036228,0.0005829560686834157,-0.0003369333571754396,-0.002799319801852107,-0.18987075984477997,-9.848915100097656,0,0,40.46565628051758,1,1
305.30397900,305303979,0.00031285907607525587,0.0005679716705344617,0.0002661295875441283,-0.008719980716705322,-0.21101832389831543,-9.864563941955566,0,0,40.46565628051758,1,1
305.34387200,305343872,0.0003114950377494097,0.0009813541546463966,0.0005540478741750121,-0.011744292452931404,-0.22453069686889648,-9.876213073730469,0,0,40.46565628051758,1,1
305.38374300,305383743,0.0005588678759522736,5.1898743549827486e-05,0.0005643365439027548,-0.002800857415422797,-0.20488570630550385,-9.858037948608398,0,0,40.46565628051758,1,1
305.42385300,305423853,-0.00010167699656449258,0.00032776978332549334,-0.00025189609732478857,-0.012038652785122395,-0.21085429191589355,-9.856271743774414,0,0,40.46553421020508,1,1
305.46394300,305463943,0.0008214349509216845,0.0005817332421429455,-6.724314880557358e-05,0.00010234289220534265,-0.20251311361789703,-9.860807418823242,0,0,40.46572494506836,1,1
305.50395800,305503958,-0.0004051033756695688,-9.809427137952298e-05,0.0009748636512085795,0.012856905348598957,-0.20863588154315948,-9.864873886108398,0,0,40.46599578857422,1,1
305.54389900,305543899,-9.390519699081779e-05,0.0006489158258773386,-0.0007468609837815166,-0.005710856523364782,-0.20620407164096832,-9.878107070922852,0,0,40.466068267822266,1,1
305.58383800,305583838,0.00022676412481814623,0.0010153879411518574,0.0004402739868965,0.008306367322802544,-0.19656218588352203,-9.86508846282959,0,0,40.46616744995117,1,1
305.62372400,305623724,-0.001113011734560132,0.00048730234266258776,-0.0005030399188399315,-0.0017292624106630683,-0.22105325758457184,-9.867881774902344,0,0,40.46626281738281,1,1
305.66412400,305664124,-0.00020918750669807196,0.00042260996997356415,0.00017539079999551177,-0.0005457113729789853,-0.2008918970823288,-9.866872787475586,0,0,40.466224670410156,1,1
305.70402100,305704021,-2.0646126358769834e-05,0.0010253943037241697,0.00027568190125748515,-0.006994403898715973,-0.19822266697883606,-9.876863479614258,0,0,40.466129302978516,1,1
305.74380000,305743800,0.0012290746672078967,-0.0005132225924171507,1.6387879441026598e-05,-0.017539238557219505,-0.2004861682653427,-9.876091957092285,0,0,40.46619415283203,1,1
305.78395700,305783957,0.00016993936151266098,0.0005102122668176889,0.0008087964961305261,-0.002011324046179652,-0.19172900915145874,-9.876352310180664,0,0,40.46629333496094,1,1
305.82371400,305823714,5.343038083083229e-07,0.0007367872167378664,0.0010070779826492071,-0.018245795741677284,-0.19454969465732574,-9.882110595703125,0,0,40.46613311767578,1,1
305.86398400,305863984,-0.0014624495524913073,0.0005331648862920702,-0.0004611845943145454,-0.0009863912127912045,-0.20342782139778137,-9.870241165161133,0,0,40.4656867980957,1,1
305.90376000,305903760,7.251124043250456e-05,0.0008966663153842092,-7.230001938296482e-05,-0.007826866582036018,-0.21678414940834045,-9.86623764038086,0,0,40.46562576293945,1,1
305.94353900,305943539,0.0006421183352358639,0.0006525958306156099,4.333751348895021e-05,-0.003032438922673464,-0.18665564060211182,-9.873702049255371,0,0,40.46572494506836,1,1
305.98356900,305983569,0.0001453074801247567,0.0004548592842184007,-0.0003493246913421899,0.000807674543466419,-0.19410288333892822,-9.868697166442871,0,0,40.465614318847656,1,1
306.02368200,306023682,9.141795453615487e-05,0.0003785319277085364,0.00039913464570418,-0.004927368834614754,-0.19959905743598938,-9.888761520385742,0,0,40.46458053588867,1,1
306.06375800,306063758,0.00029649774660356343,8.925408474169672e-05,-4.461692151380703e-05,-0.014938751235604286,-0.19766804575920105,-9.8363618850708,0,0,40.463741302490234,1,1
306.10407500,306104075,0.0003273818001616746,0.0004505091055762023,0.00020643402240239084,-0.012714304029941559,-0.19449469447135925,-9.879589080810547,0,0,40.4634895324707,1,1
306.14394900,306143949,-0.0007550059235654771,0.00032439050846733153,0.0004995054332539439,-0.02538961172103882,-0.20170852541923523,-9.860671997070312,0,0,40.46339416503906,1,1
306.18390400,306183904,0.000254979298915714,0.001240809797309339,0.0008615371771156788,0.008217189460992813,-0.2088904082775116,-9.860113143920898,0,0,40.46336364746094,1,1
306.22354800,306223548,0.0005974467494525015,0.0008925339207053185,-0.000779129914008081,-0.0149418655782938,-0.19309952855110168,-9.858400344848633,0,0,40.463462829589844,1,1
306.26381800,306263818,0.0008466877625323832,0.00020107804448343813,1.9088494809693657e-05,-0.016554545611143112,-0.2075461745262146,-9.853431701660156,0,0,40.46351623535156,1,1
306.30393100,306303931,0.0009636920876801014,0.0008953353390097618,0.0003779619582928717,0.011270886287093163,-0.187391996383667,-9.86709976196289,0,0,40.46317672729492,1,1
306.34398400,306343984,-0.00021218207257334143,0.0009009458590298891,0.0003745474386960268,-0.014474926516413689,-0.19300928711891174,-9.896162033081055,0,0,40.462284088134766,1,1
306.38381600,306383816,-0.0003962997579947114,0.0010597340296953917,-0.00035434216260910034,-0.012857949361205101,-0.19797851145267487,-9.860092163085938,0,0,40.461158752441406,1,1
306.42390600,306423906,-0.0005740817869082093,4.2306706745876e-05,0.0005146847106516361,-0.009352853521704674,-0.19613005220890045,-9.850679397583008,0,0,40.459712982177734,1,1
306.46389700,306463897,0.00042707991087809205,0.0003574863658286631,-0.00013423740165308118,-0.009017685428261757,-0.18795976042747498,-9.844024658203125,0,0,40.459468841552734,1,1
306.50389800,306503898,0.0006672198069281876,0.00023272169346455485,0.00015871593495830894,-0.006776358000934124,-0.20226463675498962,-9.867124557495117,0,0,40.4595832824707,1,1
306.54393900,306543939,-0.0005123382434248924,0.0002624082553666085,2.5529327103868127e-05,-0.01258803065866232,-0.20375891029834747,-9.887225151062012,0,0,40.459625244140625,1,1
306.58377900,306583779,-0.0004156754876021296,0.0012431577779352665,0.0012460551224648952,-0.009841399267315865,-0.21771781146526337,-9.871786117553711,0,0,40.45954895019531,1,1
306.62382900,306623829,0.0005588707281276584,0.0005503345746546984,-0.0002849295560736209,-0.01075549516826868,-0.20897644758224487,-9.88401985168457,0,0,40.45964813232422,1,1
306.66387300,306663873,-5.4437638027593493e-05,0.0009972183033823967,0.0001920623326441273,-0.009768841788172722,-0.21448655426502228,-9.862298965454102,0,0,40.4602165222168,1,1
306.70432600,306704326,0.0008269800455309451,0.0006664624088443816,0.00022202024410944432,-0.010834064334630966,-0.21770505607128143,-9.84189224243164,0,0,40.46179962158203,1,1
306.74383500,306743835,0.0003649145655799657,9.515437341178767e-06,0.000495963147841394,-0.01838117651641369,-0.20606283843517303,-9.872426986694336,0,0,40.46372985839844,1,1
306.78403500,306784035,-0.0001870621636044234,0.0008108745678327978,2.0244449842721224e-05,-0.01280573196709156,-0.20318414270877838,-9.865224838256836,0,0,40.4658317565918,1,1
306.82356400,306823564,0.0001815041759982705,0.0011139515554532409,-0.00033785306732170284,0.010592840611934662,-0.20269307494163513,-9.87243938446045,0,0,40.46794891357422,1,1
